Datums;AdministrativiTeritorialasVienibasNosaukums;ATVK;ApstiprinataCOVID19infekcija;14DienuKumulativaSaslimstiba
2021.07.01.;Adrese nav norādīta;Nav;…;…
2021.07.01.;Aizkraukles novads;0020000;0;8
2021.07.01.;Alūksnes novads;0021000;0;no 1 līdz 5
2021.07.01.;Augšdaugavas novads;0022000;no 1 līdz 5;33
2021.07.01.;Ādažu novads;0023000;no 1 līdz 5;12
2021.07.01.;Balvu novads;0024000;0;no 1 līdz 5
2021.07.01.;Bauskas novads;0025000;0;20
2021.07.01.;Cēsu novads;0026000;0;no 1 līdz 5
2021.07.01.;Daugavpils pilsēta;0002000;no 1 līdz 5;63
2021.07.01.;Dienvidkurzemes novads;0027000;0;16
2021.07.01.;Dobeles novads;0028000;0;12
2021.07.01.;Gulbenes novads;0029000;0;0
2021.07.01.;Jelgavas novads;0030000;no 1 līdz 5;7
2021.07.01.;Jelgavas pilsēta;0003000;0;22
2021.07.01.;Jēkabpils novads;0031000;0;17
2021.07.01.;Jūrmalas pilsēta;0004000;no 1 līdz 5;19
2021.07.01.;Krāslavas novads;0032000;no 1 līdz 5;7
2021.07.01.;Kuldīgas novads;0033000;no 1 līdz 5;16
2021.07.01.;Ķekavas novads;0034000;no 1 līdz 5;18
2021.07.01.;Liepājas pilsēta;0005000;no 1 līdz 5;19
2021.07.01.;Limbažu novads;0035000;no 1 līdz 5;14
2021.07.01.;Līvānu novads;0036000;no 1 līdz 5;8
2021.07.01.;Ludzas novads;0037000;0;12
2021.07.01.;Madonas novads;0038000;no 1 līdz 5;7
2021.07.01.;Mārupes novads;0039000;0;17
2021.07.01.;Ogres novads;0040000;0;13
2021.07.01.;Olaines novads;0041000;no 1 līdz 5;12
2021.07.01.;Preiļu novads;0042000;0;13
2021.07.01.;Rēzeknes novads;0043000;no 1 līdz 5;18
2021.07.01.;Rēzeknes pilsēta;0006000;no 1 līdz 5;9
2021.07.01.;Rīga;0001000;35;369
2021.07.01.;Ropažu novads;0044000;0;13
2021.07.01.;Salaspils novads;0045000;no 1 līdz 5;13
2021.07.01.;Saldus novads;0046000;0;no 1 līdz 5
2021.07.01.;Saulkrastu novads;0047000;0;7
2021.07.01.;Siguldas novads;0048000;6;44
2021.07.01.;Smiltenes novads;0049000;0;no 1 līdz 5
2021.07.01.;Talsu novads;0051000;no 1 līdz 5;6
2021.07.01.;Tukuma novads;0052000;0;15
2021.07.01.;Valkas novads;0053000;0;no 1 līdz 5
2021.07.01.;Valmieras novads;0054000;no 1 līdz 5;28
2021.07.01.;Varakļānu novads;0055000;0;0
2021.07.01.;Ventspils novads;0056000;0;no 1 līdz 5
2021.07.01.;Ventspils pilsēta;0007000;no 1 līdz 5;22
2021.07.02.;Adrese nav norādīta;Nav;…;…
2021.07.02.;Aizkraukles novads;0020000;0;no 1 līdz 5
2021.07.02.;Alūksnes novads;0021000;no 1 līdz 5;no 1 līdz 5
2021.07.02.;Augšdaugavas novads;0022000;no 1 līdz 5;30
2021.07.02.;Ādažu novads;0023000;no 1 līdz 5;9
2021.07.02.;Balvu novads;0024000;0;no 1 līdz 5
2021.07.02.;Bauskas novads;0025000;0;18
2021.07.02.;Cēsu novads;0026000;no 1 līdz 5;no 1 līdz 5
2021.07.02.;Daugavpils pilsēta;0002000;no 1 līdz 5;55
2021.07.02.;Dienvidkurzemes novads;0027000;0;14
2021.07.02.;Dobeles novads;0028000;no 1 līdz 5;13
2021.07.02.;Gulbenes novads;0029000;0;0
2021.07.02.;Jelgavas novads;0030000;no 1 līdz 5;6
2021.07.02.;Jelgavas pilsēta;0003000;0;20
2021.07.02.;Jēkabpils novads;0031000;no 1 līdz 5;18
2021.07.02.;Jūrmalas pilsēta;0004000;no 1 līdz 5;15
2021.07.02.;Krāslavas novads;0032000;no 1 līdz 5;6
2021.07.02.;Kuldīgas novads;0033000;no 1 līdz 5;15
2021.07.02.;Ķekavas novads;0034000;no 1 līdz 5;18
2021.07.02.;Liepājas pilsēta;0005000;no 1 līdz 5;16
2021.07.02.;Limbažu novads;0035000;no 1 līdz 5;14
2021.07.02.;Līvānu novads;0036000;no 1 līdz 5;no 1 līdz 5
2021.07.02.;Ludzas novads;0037000;0;12
2021.07.02.;Madonas novads;0038000;no 1 līdz 5;7
2021.07.02.;Mārupes novads;0039000;0;16
2021.07.02.;Ogres novads;0040000;no 1 līdz 5;13
2021.07.02.;Olaines novads;0041000;no 1 līdz 5;11
2021.07.02.;Preiļu novads;0042000;no 1 līdz 5;9
2021.07.02.;Rēzeknes novads;0043000;no 1 līdz 5;13
2021.07.02.;Rēzeknes pilsēta;0006000;no 1 līdz 5;9
2021.07.02.;Rīga;0001000;48;353
2021.07.02.;Ropažu novads;0044000;0;12
2021.07.02.;Salaspils novads;0045000;no 1 līdz 5;13
2021.07.02.;Saldus novads;0046000;0;no 1 līdz 5
2021.07.02.;Saulkrastu novads;0047000;0;6
2021.07.02.;Siguldas novads;0048000;9;39
2021.07.02.;Smiltenes novads;0049000;0;no 1 līdz 5
2021.07.02.;Talsu novads;0051000;no 1 līdz 5;7
2021.07.02.;Tukuma novads;0052000;no 1 līdz 5;19
2021.07.02.;Valkas novads;0053000;0;no 1 līdz 5
2021.07.02.;Valmieras novads;0054000;no 1 līdz 5;27
2021.07.02.;Varakļānu novads;0055000;0;0
2021.07.02.;Ventspils novads;0056000;0;no 1 līdz 5
2021.07.02.;Ventspils pilsēta;0007000;7;24
2021.07.03.;Adrese nav norādīta;Nav;…;…
2021.07.03.;Aizkraukles novads;0020000;0;no 1 līdz 5
2021.07.03.;Alūksnes novads;0021000;no 1 līdz 5;no 1 līdz 5
2021.07.03.;Augšdaugavas novads;0022000;no 1 līdz 5;30
2021.07.03.;Ādažu novads;0023000;no 1 līdz 5;9
2021.07.03.;Balvu novads;0024000;no 1 līdz 5;no 1 līdz 5
2021.07.03.;Bauskas novads;0025000;0;17
2021.07.03.;Cēsu novads;0026000;no 1 līdz 5;no 1 līdz 5
2021.07.03.;Daugavpils pilsēta;0002000;no 1 līdz 5;56
2021.07.03.;Dienvidkurzemes novads;0027000;0;10
2021.07.03.;Dobeles novads;0028000;no 1 līdz 5;9
2021.07.03.;Gulbenes novads;0029000;0;0
2021.07.03.;Jelgavas novads;0030000;no 1 līdz 5;6
2021.07.03.;Jelgavas pilsēta;0003000;no 1 līdz 5;22
2021.07.03.;Jēkabpils novads;0031000;no 1 līdz 5;17
2021.07.03.;Jūrmalas pilsēta;0004000;no 1 līdz 5;16
2021.07.03.;Krāslavas novads;0032000;no 1 līdz 5;8
2021.07.03.;Kuldīgas novads;0033000;6;16
2021.07.03.;Ķekavas novads;0034000;no 1 līdz 5;17
2021.07.03.;Liepājas pilsēta;0005000;no 1 līdz 5;15
2021.07.03.;Limbažu novads;0035000;no 1 līdz 5;13
2021.07.03.;Līvānu novads;0036000;no 1 līdz 5;no 1 līdz 5
2021.07.03.;Ludzas novads;0037000;0;8
2021.07.03.;Madonas novads;0038000;no 1 līdz 5;8
2021.07.03.;Mārupes novads;0039000;0;14
2021.07.03.;Ogres novads;0040000;no 1 līdz 5;10
2021.07.03.;Olaines novads;0041000;no 1 līdz 5;9
2021.07.03.;Preiļu novads;0042000;no 1 līdz 5;10
2021.07.03.;Rēzeknes novads;0043000;no 1 līdz 5;14
2021.07.03.;Rēzeknes pilsēta;0006000;no 1 līdz 5;9
2021.07.03.;Rīga;0001000;73;348
2021.07.03.;Ropažu novads;0044000;no 1 līdz 5;11
2021.07.03.;Salaspils novads;0045000;no 1 līdz 5;13
2021.07.03.;Saldus novads;0046000;0;no 1 līdz 5
2021.07.03.;Saulkrastu novads;0047000;0;no 1 līdz 5
2021.07.03.;Siguldas novads;0048000;11;40
2021.07.03.;Smiltenes novads;0049000;no 1 līdz 5;no 1 līdz 5
2021.07.03.;Talsu novads;0051000;no 1 līdz 5;8
2021.07.03.;Tukuma novads;0052000;8;19
2021.07.03.;Valkas novads;0053000;0;no 1 līdz 5
2021.07.03.;Valmieras novads;0054000;no 1 līdz 5;24
2021.07.03.;Varakļānu novads;0055000;0;0
2021.07.03.;Ventspils novads;0056000;0;no 1 līdz 5
2021.07.03.;Ventspils pilsēta;0007000;9;23
2021.07.04.;Adrese nav norādīta;Nav;…;…
2021.07.04.;Aizkraukles novads;0020000;0;no 1 līdz 5
2021.07.04.;Alūksnes novads;0021000;no 1 līdz 5;no 1 līdz 5
2021.07.04.;Augšdaugavas novads;0022000;6;31
2021.07.04.;Ādažu novads;0023000;no 1 līdz 5;7
2021.07.04.;Balvu novads;0024000;no 1 līdz 5;no 1 līdz 5
2021.07.04.;Bauskas novads;0025000;0;15
2021.07.04.;Cēsu novads;0026000;no 1 līdz 5;no 1 līdz 5
2021.07.04.;Daugavpils pilsēta;0002000;no 1 līdz 5;48
2021.07.04.;Dienvidkurzemes novads;0027000;0;9
2021.07.04.;Dobeles novads;0028000;no 1 līdz 5;8
2021.07.04.;Gulbenes novads;0029000;0;0
2021.07.04.;Jelgavas novads;0030000;no 1 līdz 5;6
2021.07.04.;Jelgavas pilsēta;0003000;no 1 līdz 5;22
2021.07.04.;Jēkabpils novads;0031000;no 1 līdz 5;15
2021.07.04.;Jūrmalas pilsēta;0004000;no 1 līdz 5;14
2021.07.04.;Krāslavas novads;0032000;no 1 līdz 5;7
2021.07.04.;Kuldīgas novads;0033000;6;12
2021.07.04.;Ķekavas novads;0034000;no 1 līdz 5;16
2021.07.04.;Liepājas pilsēta;0005000;no 1 līdz 5;15
2021.07.04.;Limbažu novads;0035000;no 1 līdz 5;11
2021.07.04.;Līvānu novads;0036000;no 1 līdz 5;no 1 līdz 5
2021.07.04.;Ludzas novads;0037000;0;8
2021.07.04.;Madonas novads;0038000;no 1 līdz 5;7
2021.07.04.;Mārupes novads;0039000;0;14
2021.07.04.;Ogres novads;0040000;no 1 līdz 5;10
2021.07.04.;Olaines novads;0041000;no 1 līdz 5;10
2021.07.04.;Preiļu novads;0042000;no 1 līdz 5;10
2021.07.04.;Rēzeknes novads;0043000;no 1 līdz 5;13
2021.07.04.;Rēzeknes pilsēta;0006000;no 1 līdz 5;6
2021.07.04.;Rīga;0001000;94;337
2021.07.04.;Ropažu novads;0044000;no 1 līdz 5;12
2021.07.04.;Salaspils novads;0045000;no 1 līdz 5;13
2021.07.04.;Saldus novads;0046000;0;no 1 līdz 5
2021.07.04.;Saulkrastu novads;0047000;0;no 1 līdz 5
2021.07.04.;Siguldas novads;0048000;11;38
2021.07.04.;Smiltenes novads;0049000;no 1 līdz 5;no 1 līdz 5
2021.07.04.;Talsu novads;0051000;no 1 līdz 5;8
2021.07.04.;Tukuma novads;0052000;8;17
2021.07.04.;Valkas novads;0053000;0;no 1 līdz 5
2021.07.04.;Valmieras novads;0054000;no 1 līdz 5;24
2021.07.04.;Varakļānu novads;0055000;0;0
2021.07.04.;Ventspils novads;0056000;0;no 1 līdz 5
2021.07.04.;Ventspils pilsēta;0007000;9;22
2021.07.05.;Adrese nav norādīta;Nav;…;…
2021.07.05.;Aizkraukles novads;0020000;0;no 1 līdz 5
2021.07.05.;Alūksnes novads;0021000;no 1 līdz 5;no 1 līdz 5
2021.07.05.;Augšdaugavas novads;0022000;7;31
2021.07.05.;Ādažu novads;0023000;no 1 līdz 5;6
2021.07.05.;Balvu novads;0024000;no 1 līdz 5;no 1 līdz 5
2021.07.05.;Bauskas novads;0025000;0;15
2021.07.05.;Cēsu novads;0026000;no 1 līdz 5;no 1 līdz 5
2021.07.05.;Daugavpils pilsēta;0002000;no 1 līdz 5;47
2021.07.05.;Dienvidkurzemes novads;0027000;0;7
2021.07.05.;Dobeles novads;0028000;no 1 līdz 5;8
2021.07.05.;Gulbenes novads;0029000;0;0
2021.07.05.;Jelgavas novads;0030000;no 1 līdz 5;6
2021.07.05.;Jelgavas pilsēta;0003000;no 1 līdz 5;21
2021.07.05.;Jēkabpils novads;0031000;no 1 līdz 5;15
2021.07.05.;Jūrmalas pilsēta;0004000;no 1 līdz 5;12
2021.07.05.;Krāslavas novads;0032000;no 1 līdz 5;7
2021.07.05.;Kuldīgas novads;0033000;6;12
2021.07.05.;Ķekavas novads;0034000;no 1 līdz 5;15
2021.07.05.;Liepājas pilsēta;0005000;no 1 līdz 5;15
2021.07.05.;Limbažu novads;0035000;no 1 līdz 5;11
2021.07.05.;Līvānu novads;0036000;no 1 līdz 5;no 1 līdz 5
2021.07.05.;Ludzas novads;0037000;0;8
2021.07.05.;Madonas novads;0038000;no 1 līdz 5;7
2021.07.05.;Mārupes novads;0039000;0;12
2021.07.05.;Ogres novads;0040000;no 1 līdz 5;10
2021.07.05.;Olaines novads;0041000;no 1 līdz 5;9
2021.07.05.;Preiļu novads;0042000;no 1 līdz 5;11
2021.07.05.;Rēzeknes novads;0043000;no 1 līdz 5;13
2021.07.05.;Rēzeknes pilsēta;0006000;no 1 līdz 5;6
2021.07.05.;Rīga;0001000;109;331
2021.07.05.;Ropažu novads;0044000;no 1 līdz 5;11
2021.07.05.;Salaspils novads;0045000;no 1 līdz 5;14
2021.07.05.;Saldus novads;0046000;0;no 1 līdz 5
2021.07.05.;Saulkrastu novads;0047000;0;no 1 līdz 5
2021.07.05.;Siguldas novads;0048000;12;37
2021.07.05.;Smiltenes novads;0049000;no 1 līdz 5;no 1 līdz 5
2021.07.05.;Talsu novads;0051000;no 1 līdz 5;8
2021.07.05.;Tukuma novads;0052000;12;20
2021.07.05.;Valkas novads;0053000;0;no 1 līdz 5
2021.07.05.;Valmieras novads;0054000;no 1 līdz 5;22
2021.07.05.;Varakļānu novads;0055000;0;0
2021.07.05.;Ventspils novads;0056000;0;no 1 līdz 5
2021.07.05.;Ventspils pilsēta;0007000;9;22
2021.07.06.;Adrese nav norādīta;Nav;…;…
2021.07.06.;Aizkraukles novads;0020000;0;no 1 līdz 5
2021.07.06.;Alūksnes novads;0021000;no 1 līdz 5;no 1 līdz 5
2021.07.06.;Augšdaugavas novads;0022000;9;28
2021.07.06.;Ādažu novads;0023000;no 1 līdz 5;7
2021.07.06.;Balvu novads;0024000;no 1 līdz 5;no 1 līdz 5
2021.07.06.;Bauskas novads;0025000;0;11
2021.07.06.;Cēsu novads;0026000;no 1 līdz 5;no 1 līdz 5
2021.07.06.;Daugavpils pilsēta;0002000;no 1 līdz 5;32
2021.07.06.;Dienvidkurzemes novads;0027000;no 1 līdz 5;7
2021.07.06.;Dobeles novads;0028000;no 1 līdz 5;6
2021.07.06.;Gulbenes novads;0029000;no 1 līdz 5;no 1 līdz 5
2021.07.06.;Jelgavas novads;0030000;no 1 līdz 5;no 1 līdz 5
2021.07.06.;Jelgavas pilsēta;0003000;10;23
2021.07.06.;Jēkabpils novads;0031000;no 1 līdz 5;13
2021.07.06.;Jūrmalas pilsēta;0004000;no 1 līdz 5;13
2021.07.06.;Krāslavas novads;0032000;no 1 līdz 5;7
2021.07.06.;Kuldīgas novads;0033000;6;12
2021.07.06.;Ķekavas novads;0034000;no 1 līdz 5;11
2021.07.06.;Liepājas pilsēta;0005000;no 1 līdz 5;13
2021.07.06.;Limbažu novads;0035000;no 1 līdz 5;9
2021.07.06.;Līvānu novads;0036000;no 1 līdz 5;no 1 līdz 5
2021.07.06.;Ludzas novads;0037000;0;7
2021.07.06.;Madonas novads;0038000;no 1 līdz 5;no 1 līdz 5
2021.07.06.;Mārupes novads;0039000;no 1 līdz 5;no 1 līdz 5
2021.07.06.;Ogres novads;0040000;no 1 līdz 5;6
2021.07.06.;Olaines novads;0041000;no 1 līdz 5;8
2021.07.06.;Preiļu novads;0042000;no 1 līdz 5;9
2021.07.06.;Rēzeknes novads;0043000;no 1 līdz 5;12
2021.07.06.;Rēzeknes pilsēta;0006000;no 1 līdz 5;no 1 līdz 5
2021.07.06.;Rīga;0001000;129;321
2021.07.06.;Ropažu novads;0044000;no 1 līdz 5;9
2021.07.06.;Salaspils novads;0045000;no 1 līdz 5;15
2021.07.06.;Saldus novads;0046000;0;0
2021.07.06.;Saulkrastu novads;0047000;0;no 1 līdz 5
2021.07.06.;Siguldas novads;0048000;12;29
2021.07.06.;Smiltenes novads;0049000;no 1 līdz 5;no 1 līdz 5
2021.07.06.;Talsu novads;0051000;no 1 līdz 5;6
2021.07.06.;Tukuma novads;0052000;16;23
2021.07.06.;Valkas novads;0053000;0;no 1 līdz 5
2021.07.06.;Valmieras novads;0054000;6;21
2021.07.06.;Varakļānu novads;0055000;0;0
2021.07.06.;Ventspils novads;0056000;0;no 1 līdz 5
2021.07.06.;Ventspils pilsēta;0007000;11;22
2021.07.07.;Adrese nav norādīta;Nav;…;…
2021.07.07.;Aizkraukles novads;0020000;0;no 1 līdz 5
2021.07.07.;Alūksnes novads;0021000;no 1 līdz 5;no 1 līdz 5
2021.07.07.;Augšdaugavas novads;0022000;11;27
2021.07.07.;Ādažu novads;0023000;no 1 līdz 5;no 1 līdz 5
2021.07.07.;Balvu novads;0024000;no 1 līdz 5;no 1 līdz 5
2021.07.07.;Bauskas novads;0025000;0;8
2021.07.07.;Cēsu novads;0026000;no 1 līdz 5;no 1 līdz 5
2021.07.07.;Daugavpils pilsēta;0002000;no 1 līdz 5;20
2021.07.07.;Dienvidkurzemes novads;0027000;no 1 līdz 5;no 1 līdz 5
2021.07.07.;Dobeles novads;0028000;no 1 līdz 5;6
2021.07.07.;Gulbenes novads;0029000;no 1 līdz 5;no 1 līdz 5
2021.07.07.;Jelgavas novads;0030000;no 1 līdz 5;no 1 līdz 5
2021.07.07.;Jelgavas pilsēta;0003000;10;19
2021.07.07.;Jēkabpils novads;0031000;no 1 līdz 5;11
2021.07.07.;Jūrmalas pilsēta;0004000;no 1 līdz 5;12
2021.07.07.;Krāslavas novads;0032000;no 1 līdz 5;7
2021.07.07.;Kuldīgas novads;0033000;6;10
2021.07.07.;Ķekavas novads;0034000;no 1 līdz 5;11
2021.07.07.;Liepājas pilsēta;0005000;6;12
2021.07.07.;Limbažu novads;0035000;no 1 līdz 5;9
2021.07.07.;Līvānu novads;0036000;no 1 līdz 5;no 1 līdz 5
2021.07.07.;Ludzas novads;0037000;no 1 līdz 5;no 1 līdz 5
2021.07.07.;Madonas novads;0038000;no 1 līdz 5;6
2021.07.07.;Mārupes novads;0039000;no 1 līdz 5;9
2021.07.07.;Ogres novads;0040000;no 1 līdz 5;no 1 līdz 5
2021.07.07.;Olaines novads;0041000;no 1 līdz 5;7
2021.07.07.;Preiļu novads;0042000;no 1 līdz 5;no 1 līdz 5
2021.07.07.;Rēzeknes novads;0043000;no 1 līdz 5;10
2021.07.07.;Rēzeknes pilsēta;0006000;no 1 līdz 5;no 1 līdz 5
2021.07.07.;Rīga;0001000;155;306
2021.07.07.;Ropažu novads;0044000;no 1 līdz 5;8
2021.07.07.;Salaspils novads;0045000;no 1 līdz 5;15
2021.07.07.;Saldus novads;0046000;0;0
2021.07.07.;Saulkrastu novads;0047000;0;no 1 līdz 5
2021.07.07.;Siguldas novads;0048000;16;30
2021.07.07.;Smiltenes novads;0049000;no 1 līdz 5;no 1 līdz 5
2021.07.07.;Talsu novads;0051000;no 1 līdz 5;6
2021.07.07.;Tukuma novads;0052000;18;24
2021.07.07.;Valkas novads;0053000;0;no 1 līdz 5
2021.07.07.;Valmieras novads;0054000;7;21
2021.07.07.;Varakļānu novads;0055000;0;0
2021.07.07.;Ventspils novads;0056000;0;no 1 līdz 5
2021.07.07.;Ventspils pilsēta;0007000;12;21
2021.07.08.;Adrese nav norādīta;Nav;…;…
2021.07.08.;Aizkraukles novads;0020000;0;no 1 līdz 5
2021.07.08.;Alūksnes novads;0021000;no 1 līdz 5;no 1 līdz 5
2021.07.08.;Augšdaugavas novads;0022000;13;28
2021.07.08.;Ādažu novads;0023000;no 1 līdz 5;no 1 līdz 5
2021.07.08.;Balvu novads;0024000;no 1 līdz 5;no 1 līdz 5
2021.07.08.;Bauskas novads;0025000;0;8
2021.07.08.;Cēsu novads;0026000;no 1 līdz 5;no 1 līdz 5
2021.07.08.;Daugavpils pilsēta;0002000;7;19
2021.07.08.;Dienvidkurzemes novads;0027000;no 1 līdz 5;no 1 līdz 5
2021.07.08.;Dobeles novads;0028000;no 1 līdz 5;6
2021.07.08.;Gulbenes novads;0029000;no 1 līdz 5;no 1 līdz 5
2021.07.08.;Jelgavas novads;0030000;no 1 līdz 5;no 1 līdz 5
2021.07.08.;Jelgavas pilsēta;0003000;10;18
2021.07.08.;Jēkabpils novads;0031000;no 1 līdz 5;9
2021.07.08.;Jūrmalas pilsēta;0004000;8;15
2021.07.08.;Krāslavas novads;0032000;8;10
2021.07.08.;Kuldīgas novads;0033000;7;11
2021.07.08.;Ķekavas novads;0034000;no 1 līdz 5;11
2021.07.08.;Liepājas pilsēta;0005000;6;11
2021.07.08.;Limbažu novads;0035000;no 1 līdz 5;11
2021.07.08.;Līvānu novads;0036000;no 1 līdz 5;no 1 līdz 5
2021.07.08.;Ludzas novads;0037000;no 1 līdz 5;no 1 līdz 5
2021.07.08.;Madonas novads;0038000;no 1 līdz 5;7
2021.07.08.;Mārupes novads;0039000;no 1 līdz 5;9
2021.07.08.;Ogres novads;0040000;no 1 līdz 5;no 1 līdz 5
2021.07.08.;Olaines novads;0041000;no 1 līdz 5;7
2021.07.08.;Preiļu novads;0042000;no 1 līdz 5;no 1 līdz 5
2021.07.08.;Rēzeknes novads;0043000;6;10
2021.07.08.;Rēzeknes pilsēta;0006000;no 1 līdz 5;no 1 līdz 5
2021.07.08.;Rīga;0001000;173;313
2021.07.08.;Ropažu novads;0044000;no 1 līdz 5;8
2021.07.08.;Salaspils novads;0045000;no 1 līdz 5;13
2021.07.08.;Saldus novads;0046000;0;0
2021.07.08.;Saulkrastu novads;0047000;0;no 1 līdz 5
2021.07.08.;Siguldas novads;0048000;18;30
2021.07.08.;Smiltenes novads;0049000;no 1 līdz 5;no 1 līdz 5
2021.07.08.;Talsu novads;0051000;no 1 līdz 5;6
2021.07.08.;Tukuma novads;0052000;26;31
2021.07.08.;Valkas novads;0053000;0;0
2021.07.08.;Valmieras novads;0054000;7;21
2021.07.08.;Varakļānu novads;0055000;0;0
2021.07.08.;Ventspils novads;0056000;0;no 1 līdz 5
2021.07.08.;Ventspils pilsēta;0007000;14;23
2021.07.09.;Adrese nav norādīta;Nav;…;…
2021.07.09.;Aizkraukles novads;0020000;0;no 1 līdz 5
2021.07.09.;Alūksnes novads;0021000;no 1 līdz 5;no 1 līdz 5
2021.07.09.;Augšdaugavas novads;0022000;14;29
2021.07.09.;Ādažu novads;0023000;no 1 līdz 5;no 1 līdz 5
2021.07.09.;Balvu novads;0024000;no 1 līdz 5;no 1 līdz 5
2021.07.09.;Bauskas novads;0025000;no 1 līdz 5;9
2021.07.09.;Cēsu novads;0026000;no 1 līdz 5;6
2021.07.09.;Daugavpils pilsēta;0002000;7;19
2021.07.09.;Dienvidkurzemes novads;0027000;no 1 līdz 5;no 1 līdz 5
2021.07.09.;Dobeles novads;0028000;no 1 līdz 5;6
2021.07.09.;Gulbenes novads;0029000;no 1 līdz 5;no 1 līdz 5
2021.07.09.;Jelgavas novads;0030000;no 1 līdz 5;no 1 līdz 5
2021.07.09.;Jelgavas pilsēta;0003000;13;21
2021.07.09.;Jēkabpils novads;0031000;8;12
2021.07.09.;Jūrmalas pilsēta;0004000;8;15
2021.07.09.;Krāslavas novads;0032000;8;10
2021.07.09.;Kuldīgas novads;0033000;7;11
2021.07.09.;Ķekavas novads;0034000;no 1 līdz 5;11
2021.07.09.;Liepājas pilsēta;0005000;7;12
2021.07.09.;Limbažu novads;0035000;no 1 līdz 5;11
2021.07.09.;Līvānu novads;0036000;no 1 līdz 5;no 1 līdz 5
2021.07.09.;Ludzas novads;0037000;no 1 līdz 5;no 1 līdz 5
2021.07.09.;Madonas novads;0038000;no 1 līdz 5;7
2021.07.09.;Mārupes novads;0039000;no 1 līdz 5;9
2021.07.09.;Ogres novads;0040000;no 1 līdz 5;7
2021.07.09.;Olaines novads;0041000;no 1 līdz 5;8
2021.07.09.;Preiļu novads;0042000;no 1 līdz 5;no 1 līdz 5
2021.07.09.;Rēzeknes novads;0043000;7;11
2021.07.09.;Rēzeknes pilsēta;0006000;no 1 līdz 5;no 1 līdz 5
2021.07.09.;Rīga;0001000;192;319
2021.07.09.;Ropažu novads;0044000;no 1 līdz 5;8
2021.07.09.;Salaspils novads;0045000;no 1 līdz 5;13
2021.07.09.;Saldus novads;0046000;0;0
2021.07.09.;Saulkrastu novads;0047000;no 1 līdz 5;no 1 līdz 5
2021.07.09.;Siguldas novads;0048000;19;28
2021.07.09.;Smiltenes novads;0049000;no 1 līdz 5;no 1 līdz 5
2021.07.09.;Talsu novads;0051000;no 1 līdz 5;6
2021.07.09.;Tukuma novads;0052000;27;32
2021.07.09.;Valkas novads;0053000;0;0
2021.07.09.;Valmieras novads;0054000;7;21
2021.07.09.;Varakļānu novads;0055000;0;0
2021.07.09.;Ventspils novads;0056000;0;no 1 līdz 5
2021.07.09.;Ventspils pilsēta;0007000;14;21
2021.07.10.;Adrese nav norādīta;Nav;…;…
2021.07.10.;Aizkraukles novads;0020000;0;no 1 līdz 5
2021.07.10.;Alūksnes novads;0021000;no 1 līdz 5;no 1 līdz 5
2021.07.10.;Augšdaugavas novads;0022000;15;28
2021.07.10.;Ādažu novads;0023000;no 1 līdz 5;no 1 līdz 5
2021.07.10.;Balvu novads;0024000;no 1 līdz 5;no 1 līdz 5
2021.07.10.;Bauskas novads;0025000;7;14
2021.07.10.;Cēsu novads;0026000;no 1 līdz 5;6
2021.07.10.;Daugavpils pilsēta;0002000;8;18
2021.07.10.;Dienvidkurzemes novads;0027000;no 1 līdz 5;no 1 līdz 5
2021.07.10.;Dobeles novads;0028000;no 1 līdz 5;6
2021.07.10.;Gulbenes novads;0029000;no 1 līdz 5;no 1 līdz 5
2021.07.10.;Jelgavas novads;0030000;no 1 līdz 5;no 1 līdz 5
2021.07.10.;Jelgavas pilsēta;0003000;16;23
2021.07.10.;Jēkabpils novads;0031000;8;12
2021.07.10.;Jūrmalas pilsēta;0004000;9;16
2021.07.10.;Krāslavas novads;0032000;10;12
2021.07.10.;Kuldīgas novads;0033000;7;10
2021.07.10.;Ķekavas novads;0034000;7;13
2021.07.10.;Liepājas pilsēta;0005000;8;13
2021.07.10.;Limbažu novads;0035000;no 1 līdz 5;10
2021.07.10.;Līvānu novads;0036000;no 1 līdz 5;no 1 līdz 5
2021.07.10.;Ludzas novads;0037000;no 1 līdz 5;no 1 līdz 5
2021.07.10.;Madonas novads;0038000;no 1 līdz 5;8
2021.07.10.;Mārupes novads;0039000;no 1 līdz 5;9
2021.07.10.;Ogres novads;0040000;7;8
2021.07.10.;Olaines novads;0041000;no 1 līdz 5;7
2021.07.10.;Preiļu novads;0042000;no 1 līdz 5;no 1 līdz 5
2021.07.10.;Rēzeknes novads;0043000;7;11
2021.07.10.;Rēzeknes pilsēta;0006000;no 1 līdz 5;no 1 līdz 5
2021.07.10.;Rīga;0001000;200;309
2021.07.10.;Ropažu novads;0044000;no 1 līdz 5;8
2021.07.10.;Salaspils novads;0045000;6;12
2021.07.10.;Saldus novads;0046000;no 1 līdz 5;no 1 līdz 5
2021.07.10.;Saulkrastu novads;0047000;no 1 līdz 5;no 1 līdz 5
2021.07.10.;Siguldas novads;0048000;20;28
2021.07.10.;Smiltenes novads;0049000;no 1 līdz 5;no 1 līdz 5
2021.07.10.;Talsu novads;0051000;no 1 līdz 5;6
2021.07.10.;Tukuma novads;0052000;27;32
2021.07.10.;Valkas novads;0053000;0;0
2021.07.10.;Valmieras novads;0054000;7;19
2021.07.10.;Varakļānu novads;0055000;0;0
2021.07.10.;Ventspils novads;0056000;0;no 1 līdz 5
2021.07.10.;Ventspils pilsēta;0007000;14;19
2021.07.11.;Adrese nav norādīta;Nav;…;…
2021.07.11.;Aizkraukles novads;0020000;0;no 1 līdz 5
2021.07.11.;Alūksnes novads;0021000;no 1 līdz 5;no 1 līdz 5
2021.07.11.;Augšdaugavas novads;0022000;15;26
2021.07.11.;Ādažu novads;0023000;no 1 līdz 5;no 1 līdz 5
2021.07.11.;Balvu novads;0024000;no 1 līdz 5;no 1 līdz 5
2021.07.11.;Bauskas novads;0025000;7;13
2021.07.11.;Cēsu novads;0026000;9;10
2021.07.11.;Daugavpils pilsēta;0002000;10;19
2021.07.11.;Dienvidkurzemes novads;0027000;no 1 līdz 5;no 1 līdz 5
2021.07.11.;Dobeles novads;0028000;no 1 līdz 5;6
2021.07.11.;Gulbenes novads;0029000;no 1 līdz 5;no 1 līdz 5
2021.07.11.;Jelgavas novads;0030000;no 1 līdz 5;no 1 līdz 5
2021.07.11.;Jelgavas pilsēta;0003000;16;20
2021.07.11.;Jēkabpils novads;0031000;9;12
2021.07.11.;Jūrmalas pilsēta;0004000;9;16
2021.07.11.;Krāslavas novads;0032000;13;15
2021.07.11.;Kuldīgas novads;0033000;7;9
2021.07.11.;Ķekavas novads;0034000;7;13
2021.07.11.;Liepājas pilsēta;0005000;9;14
2021.07.11.;Limbažu novads;0035000;no 1 līdz 5;11
2021.07.11.;Līvānu novads;0036000;no 1 līdz 5;no 1 līdz 5
2021.07.11.;Ludzas novads;0037000;no 1 līdz 5;no 1 līdz 5
2021.07.11.;Madonas novads;0038000;no 1 līdz 5;8
2021.07.11.;Mārupes novads;0039000;6;7
2021.07.11.;Ogres novads;0040000;7;8
2021.07.11.;Olaines novads;0041000;no 1 līdz 5;6
2021.07.11.;Preiļu novads;0042000;no 1 līdz 5;no 1 līdz 5
2021.07.11.;Rēzeknes novads;0043000;7;11
2021.07.11.;Rēzeknes pilsēta;0006000;no 1 līdz 5;no 1 līdz 5
2021.07.11.;Rīga;0001000;219;307
2021.07.11.;Ropažu novads;0044000;no 1 līdz 5;9
2021.07.11.;Salaspils novads;0045000;6;12
2021.07.11.;Saldus novads;0046000;no 1 līdz 5;no 1 līdz 5
2021.07.11.;Saulkrastu novads;0047000;no 1 līdz 5;no 1 līdz 5
2021.07.11.;Siguldas novads;0048000;20;28
2021.07.11.;Smiltenes novads;0049000;no 1 līdz 5;no 1 līdz 5
2021.07.11.;Talsu novads;0051000;no 1 līdz 5;6
2021.07.11.;Tukuma novads;0052000;28;32
2021.07.11.;Valkas novads;0053000;0;0
2021.07.11.;Valmieras novads;0054000;7;18
2021.07.11.;Varakļānu novads;0055000;0;0
2021.07.11.;Ventspils novads;0056000;no 1 līdz 5;no 1 līdz 5
2021.07.11.;Ventspils pilsēta;0007000;14;19
2021.07.12.;Adrese nav norādīta;Nav;…;…
2021.07.12.;Aizkraukles novads;0020000;0;no 1 līdz 5
2021.07.12.;Alūksnes novads;0021000;no 1 līdz 5;no 1 līdz 5
2021.07.12.;Augšdaugavas novads;0022000;15;25
2021.07.12.;Ādažu novads;0023000;no 1 līdz 5;no 1 līdz 5
2021.07.12.;Balvu novads;0024000;no 1 līdz 5;no 1 līdz 5
2021.07.12.;Bauskas novads;0025000;7;13
2021.07.12.;Cēsu novads;0026000;10;11
2021.07.12.;Daugavpils pilsēta;0002000;10;19
2021.07.12.;Dienvidkurzemes novads;0027000;no 1 līdz 5;no 1 līdz 5
2021.07.12.;Dobeles novads;0028000;no 1 līdz 5;6
2021.07.12.;Gulbenes novads;0029000;no 1 līdz 5;no 1 līdz 5
2021.07.12.;Jelgavas novads;0030000;no 1 līdz 5;no 1 līdz 5
2021.07.12.;Jelgavas pilsēta;0003000;17;20
2021.07.12.;Jēkabpils novads;0031000;10;13
2021.07.12.;Jūrmalas pilsēta;0004000;10;15
2021.07.12.;Krāslavas novads;0032000;14;16
2021.07.12.;Kuldīgas novads;0033000;7;9
2021.07.12.;Ķekavas novads;0034000;8;12
2021.07.12.;Liepājas pilsēta;0005000;9;14
2021.07.12.;Limbažu novads;0035000;no 1 līdz 5;10
2021.07.12.;Līvānu novads;0036000;no 1 līdz 5;no 1 līdz 5
2021.07.12.;Ludzas novads;0037000;no 1 līdz 5;no 1 līdz 5
2021.07.12.;Madonas novads;0038000;no 1 līdz 5;8
2021.07.12.;Mārupes novads;0039000;7;8
2021.07.12.;Ogres novads;0040000;7;8
2021.07.12.;Olaines novads;0041000;no 1 līdz 5;7
2021.07.12.;Preiļu novads;0042000;no 1 līdz 5;no 1 līdz 5
2021.07.12.;Rēzeknes novads;0043000;7;11
2021.07.12.;Rēzeknes pilsēta;0006000;no 1 līdz 5;no 1 līdz 5
2021.07.12.;Rīga;0001000;227;298
2021.07.12.;Ropažu novads;0044000;no 1 līdz 5;9
2021.07.12.;Salaspils novads;0045000;6;10
2021.07.12.;Saldus novads;0046000;no 1 līdz 5;no 1 līdz 5
2021.07.12.;Saulkrastu novads;0047000;no 1 līdz 5;no 1 līdz 5
2021.07.12.;Siguldas novads;0048000;21;28
2021.07.12.;Smiltenes novads;0049000;no 1 līdz 5;no 1 līdz 5
2021.07.12.;Talsu novads;0051000;no 1 līdz 5;6
2021.07.12.;Tukuma novads;0052000;28;31
2021.07.12.;Valkas novads;0053000;0;0
2021.07.12.;Valmieras novads;0054000;7;18
2021.07.12.;Varakļānu novads;0055000;0;0
2021.07.12.;Ventspils novads;0056000;no 1 līdz 5;no 1 līdz 5
2021.07.12.;Ventspils pilsēta;0007000;14;18
2021.07.13.;Adrese nav norādīta;Nav;…;…
2021.07.13.;Aizkraukles novads;0020000;no 1 līdz 5;no 1 līdz 5
2021.07.13.;Alūksnes novads;0021000;no 1 līdz 5;no 1 līdz 5
2021.07.13.;Augšdaugavas novads;0022000;17;22
2021.07.13.;Ādažu novads;0023000;no 1 līdz 5;no 1 līdz 5
2021.07.13.;Balvu novads;0024000;no 1 līdz 5;no 1 līdz 5
2021.07.13.;Bauskas novads;0025000;8;10
2021.07.13.;Cēsu novads;0026000;10;10
2021.07.13.;Daugavpils pilsēta;0002000;14;20
2021.07.13.;Dienvidkurzemes novads;0027000;no 1 līdz 5;no 1 līdz 5
2021.07.13.;Dobeles novads;0028000;no 1 līdz 5;no 1 līdz 5
2021.07.13.;Gulbenes novads;0029000;no 1 līdz 5;no 1 līdz 5
2021.07.13.;Jelgavas novads;0030000;no 1 līdz 5;no 1 līdz 5
2021.07.13.;Jelgavas pilsēta;0003000;20;23
2021.07.13.;Jēkabpils novads;0031000;10;12
2021.07.13.;Jūrmalas pilsēta;0004000;10;12
2021.07.13.;Krāslavas novads;0032000;14;16
2021.07.13.;Kuldīgas novads;0033000;9;11
2021.07.13.;Ķekavas novads;0034000;9;12
2021.07.13.;Liepājas pilsēta;0005000;9;12
2021.07.13.;Limbažu novads;0035000;6;7
2021.07.13.;Līvānu novads;0036000;no 1 līdz 5;no 1 līdz 5
2021.07.13.;Ludzas novads;0037000;no 1 līdz 5;no 1 līdz 5
2021.07.13.;Madonas novads;0038000;no 1 līdz 5;no 1 līdz 5
2021.07.13.;Mārupes novads;0039000;7;7
2021.07.13.;Ogres novads;0040000;10;11
2021.07.13.;Olaines novads;0041000;no 1 līdz 5;no 1 līdz 5
2021.07.13.;Preiļu novads;0042000;no 1 līdz 5;no 1 līdz 5
2021.07.13.;Rēzeknes novads;0043000;7;9
2021.07.13.;Rēzeknes pilsēta;0006000;no 1 līdz 5;no 1 līdz 5
2021.07.13.;Rīga;0001000;249;289
2021.07.13.;Ropažu novads;0044000;8;10
2021.07.13.;Salaspils novads;0045000;7;8
2021.07.13.;Saldus novads;0046000;no 1 līdz 5;no 1 līdz 5
2021.07.13.;Saulkrastu novads;0047000;no 1 līdz 5;no 1 līdz 5
2021.07.13.;Siguldas novads;0048000;21;23
2021.07.13.;Smiltenes novads;0049000;no 1 līdz 5;no 1 līdz 5
2021.07.13.;Talsu novads;0051000;no 1 līdz 5;6
2021.07.13.;Tukuma novads;0052000;28;30
2021.07.13.;Valkas novads;0053000;0;0
2021.07.13.;Valmieras novads;0054000;8;11
2021.07.13.;Varakļānu novads;0055000;0;0
2021.07.13.;Ventspils novads;0056000;no 1 līdz 5;no 1 līdz 5
2021.07.13.;Ventspils pilsēta;0007000;14;18
2021.07.14.;Adrese nav norādīta;Nav;…;…
2021.07.14.;Aizkraukles novads;0020000;no 1 līdz 5;no 1 līdz 5
2021.07.14.;Alūksnes novads;0021000;no 1 līdz 5;no 1 līdz 5
2021.07.14.;Augšdaugavas novads;0022000;17;17
2021.07.14.;Ādažu novads;0023000;no 1 līdz 5;no 1 līdz 5
2021.07.14.;Balvu novads;0024000;no 1 līdz 5;no 1 līdz 5
2021.07.14.;Bauskas novads;0025000;8;8
2021.07.14.;Cēsu novads;0026000;10;10
2021.07.14.;Daugavpils pilsēta;0002000;17;17
2021.07.14.;Dienvidkurzemes novads;0027000;no 1 līdz 5;no 1 līdz 5
2021.07.14.;Dobeles novads;0028000;no 1 līdz 5;no 1 līdz 5
2021.07.14.;Gulbenes novads;0029000;no 1 līdz 5;no 1 līdz 5
2021.07.14.;Jelgavas novads;0030000;no 1 līdz 5;no 1 līdz 5
2021.07.14.;Jelgavas pilsēta;0003000;20;20
2021.07.14.;Jēkabpils novads;0031000;10;10
2021.07.14.;Jūrmalas pilsēta;0004000;12;12
2021.07.14.;Krāslavas novads;0032000;15;15
2021.07.14.;Kuldīgas novads;0033000;9;9
2021.07.14.;Ķekavas novads;0034000;10;10
2021.07.14.;Liepājas pilsēta;0005000;10;10
2021.07.14.;Limbažu novads;0035000;6;6
2021.07.14.;Līvānu novads;0036000;no 1 līdz 5;no 1 līdz 5
2021.07.14.;Ludzas novads;0037000;no 1 līdz 5;no 1 līdz 5
2021.07.14.;Madonas novads;0038000;no 1 līdz 5;no 1 līdz 5
2021.07.14.;Mārupes novads;0039000;8;8
2021.07.14.;Ogres novads;0040000;14;14
2021.07.14.;Olaines novads;0041000;no 1 līdz 5;no 1 līdz 5
2021.07.14.;Preiļu novads;0042000;no 1 līdz 5;no 1 līdz 5
2021.07.14.;Rēzeknes novads;0043000;7;7
2021.07.14.;Rēzeknes pilsēta;0006000;no 1 līdz 5;no 1 līdz 5
2021.07.14.;Rīga;0001000;263;263
2021.07.14.;Ropažu novads;0044000;10;10
2021.07.14.;Salaspils novads;0045000;7;7
2021.07.14.;Saldus novads;0046000;no 1 līdz 5;no 1 līdz 5
2021.07.14.;Saulkrastu novads;0047000;no 1 līdz 5;no 1 līdz 5
2021.07.14.;Siguldas novads;0048000;21;21
2021.07.14.;Smiltenes novads;0049000;no 1 līdz 5;no 1 līdz 5
2021.07.14.;Talsu novads;0051000;no 1 līdz 5;no 1 līdz 5
2021.07.14.;Tukuma novads;0052000;28;28
2021.07.14.;Valkas novads;0053000;0;0
2021.07.14.;Valmieras novads;0054000;11;11
2021.07.14.;Varakļānu novads;0055000;0;0
2021.07.14.;Ventspils novads;0056000;no 1 līdz 5;no 1 līdz 5
2021.07.14.;Ventspils pilsēta;0007000;15;15
2021.07.15.;Adrese nav norādīta;Nav;…;…
2021.07.15.;Aizkraukles novads;0020000;no 1 līdz 5;no 1 līdz 5
2021.07.15.;Alūksnes novads;0021000;no 1 līdz 5;no 1 līdz 5
2021.07.15.;Augšdaugavas novads;0022000;18;17
2021.07.15.;Ādažu novads;0023000;no 1 līdz 5;no 1 līdz 5
2021.07.15.;Balvu novads;0024000;no 1 līdz 5;0
2021.07.15.;Bauskas novads;0025000;8;8
2021.07.15.;Cēsu novads;0026000;10;10
2021.07.15.;Daugavpils pilsēta;0002000;18;17
2021.07.15.;Dienvidkurzemes novads;0027000;no 1 līdz 5;no 1 līdz 5
2021.07.15.;Dobeles novads;0028000;no 1 līdz 5;no 1 līdz 5
2021.07.15.;Gulbenes novads;0029000;no 1 līdz 5;no 1 līdz 5
2021.07.15.;Jelgavas novads;0030000;7;6
2021.07.15.;Jelgavas pilsēta;0003000;21;21
2021.07.15.;Jēkabpils novads;0031000;10;10
2021.07.15.;Jūrmalas pilsēta;0004000;13;12
2021.07.15.;Krāslavas novads;0032000;15;14
2021.07.15.;Kuldīgas novads;0033000;9;7
2021.07.15.;Ķekavas novads;0034000;11;8
2021.07.15.;Liepājas pilsēta;0005000;11;10
2021.07.15.;Limbažu novads;0035000;7;7
2021.07.15.;Līvānu novads;0036000;no 1 līdz 5;no 1 līdz 5
2021.07.15.;Ludzas novads;0037000;no 1 līdz 5;no 1 līdz 5
2021.07.15.;Madonas novads;0038000;no 1 līdz 5;no 1 līdz 5
2021.07.15.;Mārupes novads;0039000;9;9
2021.07.15.;Ogres novads;0040000;15;14
2021.07.15.;Olaines novads;0041000;7;6
2021.07.15.;Preiļu novads;0042000;no 1 līdz 5;no 1 līdz 5
2021.07.15.;Rēzeknes novads;0043000;7;6
2021.07.15.;Rēzeknes pilsēta;0006000;no 1 līdz 5;no 1 līdz 5
2021.07.15.;Rīga;0001000;280;246
2021.07.15.;Ropažu novads;0044000;10;10
2021.07.15.;Salaspils novads;0045000;7;6
2021.07.15.;Saldus novads;0046000;no 1 līdz 5;no 1 līdz 5
2021.07.15.;Saulkrastu novads;0047000;no 1 līdz 5;no 1 līdz 5
2021.07.15.;Siguldas novads;0048000;21;14
2021.07.15.;Smiltenes novads;0049000;no 1 līdz 5;no 1 līdz 5
2021.07.15.;Talsu novads;0051000;no 1 līdz 5;no 1 līdz 5
2021.07.15.;Tukuma novads;0052000;28;28
2021.07.15.;Valkas novads;0053000;0;0
2021.07.15.;Valmieras novads;0054000;12;8
2021.07.15.;Varakļānu novads;0055000;0;0
2021.07.15.;Ventspils novads;0056000;no 1 līdz 5;no 1 līdz 5
2021.07.15.;Ventspils pilsēta;0007000;16;12
2021.07.16.;Adrese nav norādīta;Nav;…;…
2021.07.16.;Aizkraukles novads;0020000;no 1 līdz 5;no 1 līdz 5
2021.07.16.;Alūksnes novads;0021000;no 1 līdz 5;0
2021.07.16.;Augšdaugavas novads;0022000;19;18
2021.07.16.;Ādažu novads;0023000;no 1 līdz 5;no 1 līdz 5
2021.07.16.;Balvu novads;0024000;no 1 līdz 5;0
2021.07.16.;Bauskas novads;0025000;8;8
2021.07.16.;Cēsu novads;0026000;11;9
2021.07.16.;Daugavpils pilsēta;0002000;20;19
2021.07.16.;Dienvidkurzemes novads;0027000;no 1 līdz 5;no 1 līdz 5
2021.07.16.;Dobeles novads;0028000;no 1 līdz 5;no 1 līdz 5
2021.07.16.;Gulbenes novads;0029000;no 1 līdz 5;no 1 līdz 5
2021.07.16.;Jelgavas novads;0030000;8;7
2021.07.16.;Jelgavas pilsēta;0003000;22;22
2021.07.16.;Jēkabpils novads;0031000;10;8
2021.07.16.;Jūrmalas pilsēta;0004000;16;15
2021.07.16.;Krāslavas novads;0032000;16;14
2021.07.16.;Kuldīgas novads;0033000;10;no 1 līdz 5
2021.07.16.;Ķekavas novads;0034000;14;11
2021.07.16.;Liepājas pilsēta;0005000;12;10
2021.07.16.;Limbažu novads;0035000;7;6
2021.07.16.;Līvānu novads;0036000;no 1 līdz 5;no 1 līdz 5
2021.07.16.;Ludzas novads;0037000;no 1 līdz 5;no 1 līdz 5
2021.07.16.;Madonas novads;0038000;no 1 līdz 5;no 1 līdz 5
2021.07.16.;Mārupes novads;0039000;9;9
2021.07.16.;Ogres novads;0040000;19;17
2021.07.16.;Olaines novads;0041000;7;6
2021.07.16.;Preiļu novads;0042000;no 1 līdz 5;no 1 līdz 5
2021.07.16.;Rēzeknes novads;0043000;7;6
2021.07.16.;Rēzeknes pilsēta;0006000;no 1 līdz 5;no 1 līdz 5
2021.07.16.;Rīga;0001000;297;249
2021.07.16.;Ropažu novads;0044000;12;12
2021.07.16.;Salaspils novads;0045000;7;6
2021.07.16.;Saldus novads;0046000;no 1 līdz 5;no 1 līdz 5
2021.07.16.;Saulkrastu novads;0047000;no 1 līdz 5;no 1 līdz 5
2021.07.16.;Siguldas novads;0048000;21;12
2021.07.16.;Smiltenes novads;0049000;no 1 līdz 5;no 1 līdz 5
2021.07.16.;Talsu novads;0051000;6;no 1 līdz 5
2021.07.16.;Tukuma novads;0052000;29;24
2021.07.16.;Valkas novads;0053000;0;0
2021.07.16.;Valmieras novads;0054000;12;7
2021.07.16.;Varakļānu novads;0055000;0;0
2021.07.16.;Ventspils novads;0056000;no 1 līdz 5;no 1 līdz 5
2021.07.16.;Ventspils pilsēta;0007000;18;11
2021.07.17.;Adrese nav norādīta;Nav;…;…
2021.07.17.;Aizkraukles novads;0020000;no 1 līdz 5;no 1 līdz 5
2021.07.17.;Alūksnes novads;0021000;no 1 līdz 5;0
2021.07.17.;Augšdaugavas novads;0022000;19;14
2021.07.17.;Ādažu novads;0023000;no 1 līdz 5;no 1 līdz 5
2021.07.17.;Balvu novads;0024000;no 1 līdz 5;0
2021.07.17.;Bauskas novads;0025000;8;8
2021.07.17.;Cēsu novads;0026000;12;10
2021.07.17.;Daugavpils pilsēta;0002000;20;15
2021.07.17.;Dienvidkurzemes novads;0027000;no 1 līdz 5;no 1 līdz 5
2021.07.17.;Dobeles novads;0028000;no 1 līdz 5;no 1 līdz 5
2021.07.17.;Gulbenes novads;0029000;no 1 līdz 5;no 1 līdz 5
2021.07.17.;Jelgavas novads;0030000;8;7
2021.07.17.;Jelgavas pilsēta;0003000;22;19
2021.07.17.;Jēkabpils novads;0031000;10;6
2021.07.17.;Jūrmalas pilsēta;0004000;17;15
2021.07.17.;Krāslavas novads;0032000;18;14
2021.07.17.;Kuldīgas novads;0033000;10;no 1 līdz 5
2021.07.17.;Ķekavas novads;0034000;14;10
2021.07.17.;Liepājas pilsēta;0005000;13;8
2021.07.17.;Limbažu novads;0035000;8;7
2021.07.17.;Līvānu novads;0036000;no 1 līdz 5;no 1 līdz 5
2021.07.17.;Ludzas novads;0037000;no 1 līdz 5;no 1 līdz 5
2021.07.17.;Madonas novads;0038000;6;no 1 līdz 5
2021.07.17.;Mārupes novads;0039000;10;10
2021.07.17.;Ogres novads;0040000;19;17
2021.07.17.;Olaines novads;0041000;10;9
2021.07.17.;Preiļu novads;0042000;no 1 līdz 5;no 1 līdz 5
2021.07.17.;Rēzeknes novads;0043000;7;no 1 līdz 5
2021.07.17.;Rēzeknes pilsēta;0006000;no 1 līdz 5;no 1 līdz 5
2021.07.17.;Rīga;0001000;316;240
2021.07.17.;Ropažu novads;0044000;13;12
2021.07.17.;Salaspils novads;0045000;7;6
2021.07.17.;Saldus novads;0046000;no 1 līdz 5;no 1 līdz 5
2021.07.17.;Saulkrastu novads;0047000;no 1 līdz 5;no 1 līdz 5
2021.07.17.;Siguldas novads;0048000;22;11
2021.07.17.;Smiltenes novads;0049000;no 1 līdz 5;no 1 līdz 5
2021.07.17.;Talsu novads;0051000;7;no 1 līdz 5
2021.07.17.;Tukuma novads;0052000;32;24
2021.07.17.;Valkas novads;0053000;0;0
2021.07.17.;Valmieras novads;0054000;15;10
2021.07.17.;Varakļānu novads;0055000;0;0
2021.07.17.;Ventspils novads;0056000;no 1 līdz 5;no 1 līdz 5
2021.07.17.;Ventspils pilsēta;0007000;20;12
2021.07.18.;Adrese nav norādīta;Nav;…;…
2021.07.18.;Aizkraukles novads;0020000;no 1 līdz 5;no 1 līdz 5
2021.07.18.;Alūksnes novads;0021000;no 1 līdz 5;no 1 līdz 5
2021.07.18.;Augšdaugavas novads;0022000;19;12
2021.07.18.;Ādažu novads;0023000;no 1 līdz 5;no 1 līdz 5
2021.07.18.;Balvu novads;0024000;no 1 līdz 5;0
2021.07.18.;Bauskas novads;0025000;8;8
2021.07.18.;Cēsu novads;0026000;14;12
2021.07.18.;Daugavpils pilsēta;0002000;20;15
2021.07.18.;Dienvidkurzemes novads;0027000;no 1 līdz 5;no 1 līdz 5
2021.07.18.;Dobeles novads;0028000;no 1 līdz 5;no 1 līdz 5
2021.07.18.;Gulbenes novads;0029000;no 1 līdz 5;no 1 līdz 5
2021.07.18.;Jelgavas novads;0030000;8;7
2021.07.18.;Jelgavas pilsēta;0003000;23;18
2021.07.18.;Jēkabpils novads;0031000;11;7
2021.07.18.;Jūrmalas pilsēta;0004000;20;18
2021.07.18.;Krāslavas novads;0032000;18;14
2021.07.18.;Kuldīgas novads;0033000;11;no 1 līdz 5
2021.07.18.;Ķekavas novads;0034000;16;12
2021.07.18.;Liepājas pilsēta;0005000;14;9
2021.07.18.;Limbažu novads;0035000;8;7
2021.07.18.;Līvānu novads;0036000;no 1 līdz 5;no 1 līdz 5
2021.07.18.;Ludzas novads;0037000;no 1 līdz 5;no 1 līdz 5
2021.07.18.;Madonas novads;0038000;6;no 1 līdz 5
2021.07.18.;Mārupes novads;0039000;12;12
2021.07.18.;Ogres novads;0040000;19;17
2021.07.18.;Olaines novads;0041000;13;11
2021.07.18.;Preiļu novads;0042000;no 1 līdz 5;no 1 līdz 5
2021.07.18.;Rēzeknes novads;0043000;8;no 1 līdz 5
2021.07.18.;Rēzeknes pilsēta;0006000;no 1 līdz 5;no 1 līdz 5
2021.07.18.;Rīga;0001000;321;225
2021.07.18.;Ropažu novads;0044000;14;11
2021.07.18.;Salaspils novads;0045000;7;no 1 līdz 5
2021.07.18.;Saldus novads;0046000;no 1 līdz 5;no 1 līdz 5
2021.07.18.;Saulkrastu novads;0047000;no 1 līdz 5;no 1 līdz 5
2021.07.18.;Siguldas novads;0048000;22;11
2021.07.18.;Smiltenes novads;0049000;no 1 līdz 5;no 1 līdz 5
2021.07.18.;Talsu novads;0051000;9;no 1 līdz 5
2021.07.18.;Tukuma novads;0052000;32;24
2021.07.18.;Valkas novads;0053000;0;0
2021.07.18.;Valmieras novads;0054000;15;10
2021.07.18.;Varakļānu novads;0055000;0;0
2021.07.18.;Ventspils novads;0056000;no 1 līdz 5;no 1 līdz 5
2021.07.18.;Ventspils pilsēta;0007000;20;12
2021.07.19.;Adrese nav norādīta;Nav;…;no 1 līdz 5
2021.07.19.;Aizkraukles novads;0020000;no 1 līdz 5;no 1 līdz 5
2021.07.19.;Alūksnes novads;0021000;no 1 līdz 5;no 1 līdz 5
2021.07.19.;Augšdaugavas novads;0022000;19;11
2021.07.19.;Ādažu novads;0023000;no 1 līdz 5;no 1 līdz 5
2021.07.19.;Balvu novads;0024000;no 1 līdz 5;0
2021.07.19.;Bauskas novads;0025000;9;9
2021.07.19.;Cēsu novads;0026000;14;12
2021.07.19.;Daugavpils pilsēta;0002000;20;15
2021.07.19.;Dienvidkurzemes novads;0027000;6;6
2021.07.19.;Dobeles novads;0028000;no 1 līdz 5;no 1 līdz 5
2021.07.19.;Gulbenes novads;0029000;no 1 līdz 5;no 1 līdz 5
2021.07.19.;Jelgavas novads;0030000;8;7
2021.07.19.;Jelgavas pilsēta;0003000;24;19
2021.07.19.;Jēkabpils novads;0031000;11;7
2021.07.19.;Jūrmalas pilsēta;0004000;23;21
2021.07.19.;Krāslavas novads;0032000;18;14
2021.07.19.;Kuldīgas novads;0033000;11;no 1 līdz 5
2021.07.19.;Ķekavas novads;0034000;16;12
2021.07.19.;Liepājas pilsēta;0005000;15;10
2021.07.19.;Limbažu novads;0035000;9;8
2021.07.19.;Līvānu novads;0036000;no 1 līdz 5;no 1 līdz 5
2021.07.19.;Ludzas novads;0037000;no 1 līdz 5;no 1 līdz 5
2021.07.19.;Madonas novads;0038000;6;no 1 līdz 5
2021.07.19.;Mārupes novads;0039000;12;12
2021.07.19.;Ogres novads;0040000;19;17
2021.07.19.;Olaines novads;0041000;13;11
2021.07.19.;Preiļu novads;0042000;no 1 līdz 5;0
2021.07.19.;Rēzeknes novads;0043000;8;no 1 līdz 5
2021.07.19.;Rēzeknes pilsēta;0006000;no 1 līdz 5;no 1 līdz 5
2021.07.19.;Rīga;0001000;338;229
2021.07.19.;Ropažu novads;0044000;15;12
2021.07.19.;Salaspils novads;0045000;7;no 1 līdz 5
2021.07.19.;Saldus novads;0046000;no 1 līdz 5;no 1 līdz 5
2021.07.19.;Saulkrastu novads;0047000;no 1 līdz 5;no 1 līdz 5
2021.07.19.;Siguldas novads;0048000;22;10
2021.07.19.;Smiltenes novads;0049000;no 1 līdz 5;no 1 līdz 5
2021.07.19.;Talsu novads;0051000;9;no 1 līdz 5
2021.07.19.;Tukuma novads;0052000;32;20
2021.07.19.;Valkas novads;0053000;0;0
2021.07.19.;Valmieras novads;0054000;16;11
2021.07.19.;Varakļānu novads;0055000;0;0
2021.07.19.;Ventspils novads;0056000;no 1 līdz 5;no 1 līdz 5
2021.07.19.;Ventspils pilsēta;0007000;20;11
2021.07.20.;Adrese nav norādīta;Nav;…;no 1 līdz 5
2021.07.20.;Aizkraukles novads;0020000;no 1 līdz 5;no 1 līdz 5
2021.07.20.;Alūksnes novads;0021000;no 1 līdz 5;no 1 līdz 5
2021.07.20.;Augšdaugavas novads;0022000;19;10
2021.07.20.;Ādažu novads;0023000;no 1 līdz 5;no 1 līdz 5
2021.07.20.;Balvu novads;0024000;no 1 līdz 5;0
2021.07.20.;Bauskas novads;0025000;9;9
2021.07.20.;Cēsu novads;0026000;14;11
2021.07.20.;Daugavpils pilsēta;0002000;25;20
2021.07.20.;Dienvidkurzemes novads;0027000;7;6
2021.07.20.;Dobeles novads;0028000;no 1 līdz 5;no 1 līdz 5
2021.07.20.;Gulbenes novads;0029000;no 1 līdz 5;no 1 līdz 5
2021.07.20.;Jelgavas novads;0030000;10;9
2021.07.20.;Jelgavas pilsēta;0003000;25;15
2021.07.20.;Jēkabpils novads;0031000;11;6
2021.07.20.;Jūrmalas pilsēta;0004000;26;21
2021.07.20.;Krāslavas novads;0032000;18;14
2021.07.20.;Kuldīgas novads;0033000;11;no 1 līdz 5
2021.07.20.;Ķekavas novads;0034000;18;13
2021.07.20.;Liepājas pilsēta;0005000;15;10
2021.07.20.;Limbažu novads;0035000;10;8
2021.07.20.;Līvānu novads;0036000;no 1 līdz 5;no 1 līdz 5
2021.07.20.;Ludzas novads;0037000;no 1 līdz 5;no 1 līdz 5
2021.07.20.;Madonas novads;0038000;6;no 1 līdz 5
2021.07.20.;Mārupes novads;0039000;13;11
2021.07.20.;Ogres novads;0040000;23;21
2021.07.20.;Olaines novads;0041000;16;14
2021.07.20.;Preiļu novads;0042000;no 1 līdz 5;0
2021.07.20.;Rēzeknes novads;0043000;8;no 1 līdz 5
2021.07.20.;Rēzeknes pilsēta;0006000;no 1 līdz 5;no 1 līdz 5
2021.07.20.;Rīga;0001000;359;233
2021.07.20.;Ropažu novads;0044000;17;13
2021.07.20.;Salaspils novads;0045000;9;no 1 līdz 5
2021.07.20.;Saldus novads;0046000;no 1 līdz 5;no 1 līdz 5
2021.07.20.;Saulkrastu novads;0047000;no 1 līdz 5;no 1 līdz 5
2021.07.20.;Siguldas novads;0048000;23;11
2021.07.20.;Smiltenes novads;0049000;no 1 līdz 5;no 1 līdz 5
2021.07.20.;Talsu novads;0051000;9;no 1 līdz 5
2021.07.20.;Tukuma novads;0052000;32;16
2021.07.20.;Valkas novads;0053000;0;0
2021.07.20.;Valmieras novads;0054000;17;11
2021.07.20.;Varakļānu novads;0055000;0;0
2021.07.20.;Ventspils novads;0056000;no 1 līdz 5;no 1 līdz 5
2021.07.20.;Ventspils pilsēta;0007000;22;11
2021.07.21.;Adrese nav norādīta;Nav;…;…
2021.07.21.;Aizkraukles novads;0020000;no 1 līdz 5;no 1 līdz 5
2021.07.21.;Alūksnes novads;0021000;no 1 līdz 5;no 1 līdz 5
2021.07.21.;Augšdaugavas novads;0022000;19;8
2021.07.21.;Ādažu novads;0023000;no 1 līdz 5;no 1 līdz 5
2021.07.21.;Balvu novads;0024000;no 1 līdz 5;0
2021.07.21.;Bauskas novads;0025000;9;9
2021.07.21.;Cēsu novads;0026000;14;11
2021.07.21.;Daugavpils pilsēta;0002000;26;21
2021.07.21.;Dienvidkurzemes novads;0027000;9;8
2021.07.21.;Dobeles novads;0028000;no 1 līdz 5;no 1 līdz 5
2021.07.21.;Gulbenes novads;0029000;no 1 līdz 5;no 1 līdz 5
2021.07.21.;Jelgavas novads;0030000;10;9
2021.07.21.;Jelgavas pilsēta;0003000;25;15
2021.07.21.;Jēkabpils novads;0031000;11;6
2021.07.21.;Jūrmalas pilsēta;0004000;28;22
2021.07.21.;Krāslavas novads;0032000;23;18
2021.07.21.;Kuldīgas novads;0033000;11;no 1 līdz 5
2021.07.21.;Ķekavas novads;0034000;21;17
2021.07.21.;Liepājas pilsēta;0005000;19;13
2021.07.21.;Limbažu novads;0035000;14;12
2021.07.21.;Līvānu novads;0036000;no 1 līdz 5;0
2021.07.21.;Ludzas novads;0037000;no 1 līdz 5;0
2021.07.21.;Madonas novads;0038000;7;no 1 līdz 5
2021.07.21.;Mārupes novads;0039000;16;11
2021.07.21.;Ogres novads;0040000;24;22
2021.07.21.;Olaines novads;0041000;16;14
2021.07.21.;Preiļu novads;0042000;no 1 līdz 5;no 1 līdz 5
2021.07.21.;Rēzeknes novads;0043000;10;no 1 līdz 5
2021.07.21.;Rēzeknes pilsēta;0006000;no 1 līdz 5;no 1 līdz 5
2021.07.21.;Rīga;0001000;382;228
2021.07.21.;Ropažu novads;0044000;19;15
2021.07.21.;Salaspils novads;0045000;10;no 1 līdz 5
2021.07.21.;Saldus novads;0046000;no 1 līdz 5;no 1 līdz 5
2021.07.21.;Saulkrastu novads;0047000;no 1 līdz 5;no 1 līdz 5
2021.07.21.;Siguldas novads;0048000;24;8
2021.07.21.;Smiltenes novads;0049000;no 1 līdz 5;no 1 līdz 5
2021.07.21.;Talsu novads;0051000;9;no 1 līdz 5
2021.07.21.;Tukuma novads;0052000;32;14
2021.07.21.;Valkas novads;0053000;0;0
2021.07.21.;Valmieras novads;0054000;18;11
2021.07.21.;Varakļānu novads;0055000;0;0
2021.07.21.;Ventspils novads;0056000;no 1 līdz 5;no 1 līdz 5
2021.07.21.;Ventspils pilsēta;0007000;23;11
2021.07.22.;Adrese nav norādīta;Nav;…;no 1 līdz 5
2021.07.22.;Aizkraukles novads;0020000;no 1 līdz 5;no 1 līdz 5
2021.07.22.;Alūksnes novads;0021000;no 1 līdz 5;no 1 līdz 5
2021.07.22.;Augšdaugavas novads;0022000;19;6
2021.07.22.;Ādažu novads;0023000;no 1 līdz 5;no 1 līdz 5
2021.07.22.;Balvu novads;0024000;no 1 līdz 5;0
2021.07.22.;Bauskas novads;0025000;10;9
2021.07.22.;Cēsu novads;0026000;15;11
2021.07.22.;Daugavpils pilsēta;0002000;28;21
2021.07.22.;Dienvidkurzemes novads;0027000;11;9
2021.07.22.;Dobeles novads;0028000;6;no 1 līdz 5
2021.07.22.;Gulbenes novads;0029000;no 1 līdz 5;no 1 līdz 5
2021.07.22.;Jelgavas novads;0030000;11;11
2021.07.22.;Jelgavas pilsēta;0003000;25;13
2021.07.22.;Jēkabpils novads;0031000;14;9
2021.07.22.;Jūrmalas pilsēta;0004000;29;21
2021.07.22.;Krāslavas novads;0032000;23;15
2021.07.22.;Kuldīgas novads;0033000;11;no 1 līdz 5
2021.07.22.;Ķekavas novads;0034000;22;17
2021.07.22.;Liepājas pilsēta;0005000;22;16
2021.07.22.;Limbažu novads;0035000;14;10
2021.07.22.;Līvānu novads;0036000;no 1 līdz 5;0
2021.07.22.;Ludzas novads;0037000;no 1 līdz 5;0
2021.07.22.;Madonas novads;0038000;7;no 1 līdz 5
2021.07.22.;Mārupes novads;0039000;16;11
2021.07.22.;Ogres novads;0040000;27;24
2021.07.22.;Olaines novads;0041000;16;14
2021.07.22.;Preiļu novads;0042000;6;no 1 līdz 5
2021.07.22.;Rēzeknes novads;0043000;10;no 1 līdz 5
2021.07.22.;Rēzeknes pilsēta;0006000;no 1 līdz 5;no 1 līdz 5
2021.07.22.;Rīga;0001000;400;224
2021.07.22.;Ropažu novads;0044000;19;14
2021.07.22.;Salaspils novads;0045000;10;no 1 līdz 5
2021.07.22.;Saldus novads;0046000;no 1 līdz 5;no 1 līdz 5
2021.07.22.;Saulkrastu novads;0047000;no 1 līdz 5;no 1 līdz 5
2021.07.22.;Siguldas novads;0048000;24;6
2021.07.22.;Smiltenes novads;0049000;no 1 līdz 5;no 1 līdz 5
2021.07.22.;Talsu novads;0051000;9;no 1 līdz 5
2021.07.22.;Tukuma novads;0052000;33;6
2021.07.22.;Valkas novads;0053000;0;0
2021.07.22.;Valmieras novads;0054000;18;11
2021.07.22.;Varakļānu novads;0055000;0;0
2021.07.22.;Ventspils novads;0056000;no 1 līdz 5;no 1 līdz 5
2021.07.22.;Ventspils pilsēta;0007000;25;11
2021.07.23.;Adrese nav norādīta;Nav;…;…
2021.07.23.;Aizkraukles novads;0020000;no 1 līdz 5;no 1 līdz 5
2021.07.23.;Alūksnes novads;0021000;no 1 līdz 5;no 1 līdz 5
2021.07.23.;Augšdaugavas novads;0022000;19;no 1 līdz 5
2021.07.23.;Ādažu novads;0023000;no 1 līdz 5;no 1 līdz 5
2021.07.23.;Balvu novads;0024000;no 1 līdz 5;no 1 līdz 5
2021.07.23.;Bauskas novads;0025000;11;9
2021.07.23.;Cēsu novads;0026000;15;10
2021.07.23.;Daugavpils pilsēta;0002000;29;22
2021.07.23.;Dienvidkurzemes novads;0027000;12;11
2021.07.23.;Dobeles novads;0028000;6;no 1 līdz 5
2021.07.23.;Gulbenes novads;0029000;no 1 līdz 5;no 1 līdz 5
2021.07.23.;Jelgavas novads;0030000;13;12
2021.07.23.;Jelgavas pilsēta;0003000;26;13
2021.07.23.;Jēkabpils novads;0031000;14;6
2021.07.23.;Jūrmalas pilsēta;0004000;32;25
2021.07.23.;Krāslavas novads;0032000;23;15
2021.07.23.;Kuldīgas novads;0033000;11;no 1 līdz 5
2021.07.23.;Ķekavas novads;0034000;22;18
2021.07.23.;Liepājas pilsēta;0005000;24;17
2021.07.23.;Limbažu novads;0035000;15;11
2021.07.23.;Līvānu novads;0036000;no 1 līdz 5;0
2021.07.23.;Ludzas novads;0037000;no 1 līdz 5;0
2021.07.23.;Madonas novads;0038000;8;no 1 līdz 5
2021.07.23.;Mārupes novads;0039000;16;11
2021.07.23.;Ogres novads;0040000;28;23
2021.07.23.;Olaines novads;0041000;16;13
2021.07.23.;Preiļu novads;0042000;7;no 1 līdz 5
2021.07.23.;Rēzeknes novads;0043000;10;no 1 līdz 5
2021.07.23.;Rēzeknes pilsēta;0006000;no 1 līdz 5;no 1 līdz 5
2021.07.23.;Rīga;0001000;412;215
2021.07.23.;Ropažu novads;0044000;21;15
2021.07.23.;Salaspils novads;0045000;11;6
2021.07.23.;Saldus novads;0046000;no 1 līdz 5;no 1 līdz 5
2021.07.23.;Saulkrastu novads;0047000;6;no 1 līdz 5
2021.07.23.;Siguldas novads;0048000;24;no 1 līdz 5
2021.07.23.;Smiltenes novads;0049000;no 1 līdz 5;no 1 līdz 5
2021.07.23.;Talsu novads;0051000;9;no 1 līdz 5
2021.07.23.;Tukuma novads;0052000;34;7
2021.07.23.;Valkas novads;0053000;0;0
2021.07.23.;Valmieras novads;0054000;18;11
2021.07.23.;Varakļānu novads;0055000;0;0
2021.07.23.;Ventspils novads;0056000;no 1 līdz 5;no 1 līdz 5
2021.07.23.;Ventspils pilsēta;0007000;25;11
2021.07.24.;Adrese nav norādīta;Nav;…;…
2021.07.24.;Aizkraukles novads;0020000;no 1 līdz 5;no 1 līdz 5
2021.07.24.;Alūksnes novads;0021000;no 1 līdz 5;no 1 līdz 5
2021.07.24.;Augšdaugavas novads;0022000;19;no 1 līdz 5
2021.07.24.;Ādažu novads;0023000;6;no 1 līdz 5
2021.07.24.;Balvu novads;0024000;no 1 līdz 5;no 1 līdz 5
2021.07.24.;Bauskas novads;0025000;11;no 1 līdz 5
2021.07.24.;Cēsu novads;0026000;15;10
2021.07.24.;Daugavpils pilsēta;0002000;29;21
2021.07.24.;Dienvidkurzemes novads;0027000;13;12
2021.07.24.;Dobeles novads;0028000;6;no 1 līdz 5
2021.07.24.;Gulbenes novads;0029000;no 1 līdz 5;no 1 līdz 5
2021.07.24.;Jelgavas novads;0030000;14;13
2021.07.24.;Jelgavas pilsēta;0003000;26;10
2021.07.24.;Jēkabpils novads;0031000;16;8
2021.07.24.;Jūrmalas pilsēta;0004000;32;22
2021.07.24.;Krāslavas novads;0032000;23;13
2021.07.24.;Kuldīgas novads;0033000;11;no 1 līdz 5
2021.07.24.;Ķekavas novads;0034000;26;19
2021.07.24.;Liepājas pilsēta;0005000;24;16
2021.07.24.;Limbažu novads;0035000;15;11
2021.07.24.;Līvānu novads;0036000;no 1 līdz 5;0
2021.07.24.;Ludzas novads;0037000;no 1 līdz 5;0
2021.07.24.;Madonas novads;0038000;8;no 1 līdz 5
2021.07.24.;Mārupes novads;0039000;18;12
2021.07.24.;Ogres novads;0040000;28;21
2021.07.24.;Olaines novads;0041000;16;13
2021.07.24.;Preiļu novads;0042000;9;6
2021.07.24.;Rēzeknes novads;0043000;10;no 1 līdz 5
2021.07.24.;Rēzeknes pilsēta;0006000;no 1 līdz 5;no 1 līdz 5
2021.07.24.;Rīga;0001000;436;237
2021.07.24.;Ropažu novads;0044000;22;18
2021.07.24.;Salaspils novads;0045000;13;7
2021.07.24.;Saldus novads;0046000;no 1 līdz 5;no 1 līdz 5
2021.07.24.;Saulkrastu novads;0047000;6;no 1 līdz 5
2021.07.24.;Siguldas novads;0048000;24;no 1 līdz 5
2021.07.24.;Smiltenes novads;0049000;no 1 līdz 5;no 1 līdz 5
2021.07.24.;Talsu novads;0051000;9;no 1 līdz 5
2021.07.24.;Tukuma novads;0052000;34;7
2021.07.24.;Valkas novads;0053000;0;0
2021.07.24.;Valmieras novads;0054000;18;11
2021.07.24.;Varakļānu novads;0055000;0;0
2021.07.24.;Ventspils novads;0056000;no 1 līdz 5;no 1 līdz 5
2021.07.24.;Ventspils pilsēta;0007000;25;11
2021.07.25.;Adrese nav norādīta;Nav;…;…
2021.07.25.;Aizkraukles novads;0020000;no 1 līdz 5;no 1 līdz 5
2021.07.25.;Alūksnes novads;0021000;no 1 līdz 5;no 1 līdz 5
2021.07.25.;Augšdaugavas novads;0022000;20;no 1 līdz 5
2021.07.25.;Ādažu novads;0023000;7;no 1 līdz 5
2021.07.25.;Balvu novads;0024000;no 1 līdz 5;no 1 līdz 5
2021.07.25.;Bauskas novads;0025000;13;6
2021.07.25.;Cēsu novads;0026000;15;6
2021.07.25.;Daugavpils pilsēta;0002000;29;19
2021.07.25.;Dienvidkurzemes novads;0027000;15;14
2021.07.25.;Dobeles novads;0028000;6;no 1 līdz 5
2021.07.25.;Gulbenes novads;0029000;no 1 līdz 5;no 1 līdz 5
2021.07.25.;Jelgavas novads;0030000;16;15
2021.07.25.;Jelgavas pilsēta;0003000;26;10
2021.07.25.;Jēkabpils novads;0031000;16;7
2021.07.25.;Jūrmalas pilsēta;0004000;33;23
2021.07.25.;Krāslavas novads;0032000;23;10
2021.07.25.;Kuldīgas novads;0033000;11;no 1 līdz 5
2021.07.25.;Ķekavas novads;0034000;29;21
2021.07.25.;Liepājas pilsēta;0005000;28;19
2021.07.25.;Limbažu novads;0035000;16;11
2021.07.25.;Līvānu novads;0036000;no 1 līdz 5;0
2021.07.25.;Ludzas novads;0037000;no 1 līdz 5;0
2021.07.25.;Madonas novads;0038000;10;6
2021.07.25.;Mārupes novads;0039000;18;11
2021.07.25.;Ogres novads;0040000;29;22
2021.07.25.;Olaines novads;0041000;16;13
2021.07.25.;Preiļu novads;0042000;9;6
2021.07.25.;Rēzeknes novads;0043000;10;no 1 līdz 5
2021.07.25.;Rēzeknes pilsēta;0006000;no 1 līdz 5;no 1 līdz 5
2021.07.25.;Rīga;0001000;464;246
2021.07.25.;Ropažu novads;0044000;24;19
2021.07.25.;Salaspils novads;0045000;13;7
2021.07.25.;Saldus novads;0046000;no 1 līdz 5;no 1 līdz 5
2021.07.25.;Saulkrastu novads;0047000;6;no 1 līdz 5
2021.07.25.;Siguldas novads;0048000;25;no 1 līdz 5
2021.07.25.;Smiltenes novads;0049000;no 1 līdz 5;no 1 līdz 5
2021.07.25.;Talsu novads;0051000;10;no 1 līdz 5
2021.07.25.;Tukuma novads;0052000;36;8
2021.07.25.;Valkas novads;0053000;0;0
2021.07.25.;Valmieras novads;0054000;18;11
2021.07.25.;Varakļānu novads;0055000;0;0
2021.07.25.;Ventspils novads;0056000;no 1 līdz 5;no 1 līdz 5
2021.07.25.;Ventspils pilsēta;0007000;25;11
2021.07.26.;Adrese nav norādīta;Nav;…;…
2021.07.26.;Aizkraukles novads;0020000;no 1 līdz 5;no 1 līdz 5
2021.07.26.;Alūksnes novads;0021000;no 1 līdz 5;no 1 līdz 5
2021.07.26.;Augšdaugavas novads;0022000;20;no 1 līdz 5
2021.07.26.;Ādažu novads;0023000;7;no 1 līdz 5
2021.07.26.;Balvu novads;0024000;no 1 līdz 5;no 1 līdz 5
2021.07.26.;Bauskas novads;0025000;13;6
2021.07.26.;Cēsu novads;0026000;15;no 1 līdz 5
2021.07.26.;Daugavpils pilsēta;0002000;29;19
2021.07.26.;Dienvidkurzemes novads;0027000;15;14
2021.07.26.;Dobeles novads;0028000;6;no 1 līdz 5
2021.07.26.;Gulbenes novads;0029000;no 1 līdz 5;no 1 līdz 5
2021.07.26.;Jelgavas novads;0030000;16;14
2021.07.26.;Jelgavas pilsēta;0003000;26;9
2021.07.26.;Jēkabpils novads;0031000;16;6
2021.07.26.;Jūrmalas pilsēta;0004000;34;23
2021.07.26.;Krāslavas novads;0032000;23;9
2021.07.26.;Kuldīgas novads;0033000;11;no 1 līdz 5
2021.07.26.;Ķekavas novads;0034000;32;24
2021.07.26.;Liepājas pilsēta;0005000;32;23
2021.07.26.;Limbažu novads;0035000;16;11
2021.07.26.;Līvānu novads;0036000;no 1 līdz 5;0
2021.07.26.;Ludzas novads;0037000;no 1 līdz 5;0
2021.07.26.;Madonas novads;0038000;10;6
2021.07.26.;Mārupes novads;0039000;19;12
2021.07.26.;Ogres novads;0040000;30;23
2021.07.26.;Olaines novads;0041000;16;11
2021.07.26.;Preiļu novads;0042000;9;6
2021.07.26.;Rēzeknes novads;0043000;10;no 1 līdz 5
2021.07.26.;Rēzeknes pilsēta;0006000;no 1 līdz 5;no 1 līdz 5
2021.07.26.;Rīga;0001000;477;250
2021.07.26.;Ropažu novads;0044000;24;19
2021.07.26.;Salaspils novads;0045000;13;7
2021.07.26.;Saldus novads;0046000;no 1 līdz 5;no 1 līdz 5
2021.07.26.;Saulkrastu novads;0047000;6;no 1 līdz 5
2021.07.26.;Siguldas novads;0048000;25;no 1 līdz 5
2021.07.26.;Smiltenes novads;0049000;no 1 līdz 5;no 1 līdz 5
2021.07.26.;Talsu novads;0051000;10;no 1 līdz 5
2021.07.26.;Tukuma novads;0052000;36;8
2021.07.26.;Valkas novads;0053000;0;0
2021.07.26.;Valmieras novads;0054000;18;11
2021.07.26.;Varakļānu novads;0055000;0;0
2021.07.26.;Ventspils novads;0056000;no 1 līdz 5;no 1 līdz 5
2021.07.26.;Ventspils pilsēta;0007000;26;12
2021.07.27.;Adrese nav norādīta;Nav;…;…
2021.07.27.;Aizkraukles novads;0020000;no 1 līdz 5;no 1 līdz 5
2021.07.27.;Alūksnes novads;0021000;no 1 līdz 5;no 1 līdz 5
2021.07.27.;Augšdaugavas novads;0022000;20;no 1 līdz 5
2021.07.27.;Ādažu novads;0023000;8;6
2021.07.27.;Balvu novads;0024000;no 1 līdz 5;no 1 līdz 5
2021.07.27.;Bauskas novads;0025000;13;no 1 līdz 5
2021.07.27.;Cēsu novads;0026000;16;6
2021.07.27.;Daugavpils pilsēta;0002000;29;15
2021.07.27.;Dienvidkurzemes novads;0027000;19;18
2021.07.27.;Dobeles novads;0028000;6;no 1 līdz 5
2021.07.27.;Gulbenes novads;0029000;no 1 līdz 5;no 1 līdz 5
2021.07.27.;Jelgavas novads;0030000;17;14
2021.07.27.;Jelgavas pilsēta;0003000;26;6
2021.07.27.;Jēkabpils novads;0031000;17;7
2021.07.27.;Jūrmalas pilsēta;0004000;36;24
2021.07.27.;Krāslavas novads;0032000;23;9
2021.07.27.;Kuldīgas novads;0033000;11;no 1 līdz 5
2021.07.27.;Ķekavas novads;0034000;34;25
2021.07.27.;Liepājas pilsēta;0005000;36;26
2021.07.27.;Limbažu novads;0035000;16;10
2021.07.27.;Līvānu novads;0036000;no 1 līdz 5;no 1 līdz 5
2021.07.27.;Ludzas novads;0037000;no 1 līdz 5;0
2021.07.27.;Madonas novads;0038000;10;6
2021.07.27.;Mārupes novads;0039000;19;12
2021.07.27.;Ogres novads;0040000;30;18
2021.07.27.;Olaines novads;0041000;16;11
2021.07.27.;Preiļu novads;0042000;11;8
2021.07.27.;Rēzeknes novads;0043000;10;no 1 līdz 5
2021.07.27.;Rēzeknes pilsēta;0006000;no 1 līdz 5;no 1 līdz 5
2021.07.27.;Rīga;0001000;509;261
2021.07.27.;Ropažu novads;0044000;29;22
2021.07.27.;Salaspils novads;0045000;14;7
2021.07.27.;Saldus novads;0046000;no 1 līdz 5;no 1 līdz 5
2021.07.27.;Saulkrastu novads;0047000;6;no 1 līdz 5
2021.07.27.;Siguldas novads;0048000;27;6
2021.07.27.;Smiltenes novads;0049000;no 1 līdz 5;no 1 līdz 5
2021.07.27.;Talsu novads;0051000;10;no 1 līdz 5
2021.07.27.;Tukuma novads;0052000;38;10
2021.07.27.;Valkas novads;0053000;0;0
2021.07.27.;Valmieras novads;0054000;18;9
2021.07.27.;Varakļānu novads;0055000;0;0
2021.07.27.;Ventspils novads;0056000;no 1 līdz 5;no 1 līdz 5
2021.07.27.;Ventspils pilsēta;0007000;30;16
2021.07.28.;Adrese nav norādīta;Nav;…;…
2021.07.28.;Aizkraukles novads;0020000;no 1 līdz 5;no 1 līdz 5
2021.07.28.;Alūksnes novads;0021000;no 1 līdz 5;no 1 līdz 5
2021.07.28.;Augšdaugavas novads;0022000;20;no 1 līdz 5
2021.07.28.;Ādažu novads;0023000;11;8
2021.07.28.;Balvu novads;0024000;no 1 līdz 5;no 1 līdz 5
2021.07.28.;Bauskas novads;0025000;14;6
2021.07.28.;Cēsu novads;0026000;17;7
2021.07.28.;Daugavpils pilsēta;0002000;30;13
2021.07.28.;Dienvidkurzemes novads;0027000;20;19
2021.07.28.;Dobeles novads;0028000;6;no 1 līdz 5
2021.07.28.;Gulbenes novads;0029000;no 1 līdz 5;no 1 līdz 5
2021.07.28.;Jelgavas novads;0030000;19;15
2021.07.28.;Jelgavas pilsēta;0003000;26;6
2021.07.28.;Jēkabpils novads;0031000;17;7
2021.07.28.;Jūrmalas pilsēta;0004000;38;25
2021.07.28.;Krāslavas novads;0032000;24;9
2021.07.28.;Kuldīgas novads;0033000;14;no 1 līdz 5
2021.07.28.;Ķekavas novads;0034000;35;25
2021.07.28.;Liepājas pilsēta;0005000;38;28
2021.07.28.;Limbažu novads;0035000;16;10
2021.07.28.;Līvānu novads;0036000;no 1 līdz 5;no 1 līdz 5
2021.07.28.;Ludzas novads;0037000;no 1 līdz 5;0
2021.07.28.;Madonas novads;0038000;14;10
2021.07.28.;Mārupes novads;0039000;20;12
2021.07.28.;Ogres novads;0040000;33;19
2021.07.28.;Olaines novads;0041000;18;13
2021.07.28.;Preiļu novads;0042000;11;8
2021.07.28.;Rēzeknes novads;0043000;10;no 1 līdz 5
2021.07.28.;Rēzeknes pilsēta;0006000;6;no 1 līdz 5
2021.07.28.;Rīga;0001000;545;282
2021.07.28.;Ropažu novads;0044000;30;20
2021.07.28.;Salaspils novads;0045000;14;7
2021.07.28.;Saldus novads;0046000;10;7
2021.07.28.;Saulkrastu novads;0047000;6;no 1 līdz 5
2021.07.28.;Siguldas novads;0048000;27;6
2021.07.28.;Smiltenes novads;0049000;no 1 līdz 5;no 1 līdz 5
2021.07.28.;Talsu novads;0051000;10;no 1 līdz 5
2021.07.28.;Tukuma novads;0052000;38;10
2021.07.28.;Valkas novads;0053000;0;0
2021.07.28.;Valmieras novads;0054000;19;8
2021.07.28.;Varakļānu novads;0055000;no 1 līdz 5;no 1 līdz 5
2021.07.28.;Ventspils novads;0056000;no 1 līdz 5;no 1 līdz 5
2021.07.28.;Ventspils pilsēta;0007000;35;20
2021.07.29.;Adrese nav norādīta;Nav;…;…
2021.07.29.;Aizkraukles novads;0020000;no 1 līdz 5;no 1 līdz 5
2021.07.29.;Alūksnes novads;0021000;no 1 līdz 5;no 1 līdz 5
2021.07.29.;Augšdaugavas novads;0022000;20;no 1 līdz 5
2021.07.29.;Ādažu novads;0023000;11;8
2021.07.29.;Balvu novads;0024000;no 1 līdz 5;no 1 līdz 5
2021.07.29.;Bauskas novads;0025000;14;6
2021.07.29.;Cēsu novads;0026000;17;7
2021.07.29.;Daugavpils pilsēta;0002000;30;12
2021.07.29.;Dienvidkurzemes novads;0027000;20;19
2021.07.29.;Dobeles novads;0028000;8;6
2021.07.29.;Gulbenes novads;0029000;7;6
2021.07.29.;Jelgavas novads;0030000;19;12
2021.07.29.;Jelgavas pilsēta;0003000;28;7
2021.07.29.;Jēkabpils novads;0031000;17;7
2021.07.29.;Jūrmalas pilsēta;0004000;41;27
2021.07.29.;Krāslavas novads;0032000;26;11
2021.07.29.;Kuldīgas novads;0033000;15;6
2021.07.29.;Ķekavas novads;0034000;37;26
2021.07.29.;Liepājas pilsēta;0005000;40;29
2021.07.29.;Limbažu novads;0035000;17;10
2021.07.29.;Līvānu novads;0036000;no 1 līdz 5;no 1 līdz 5
2021.07.29.;Ludzas novads;0037000;no 1 līdz 5;0
2021.07.29.;Madonas novads;0038000;17;12
2021.07.29.;Mārupes novads;0039000;22;13
2021.07.29.;Ogres novads;0040000;35;20
2021.07.29.;Olaines novads;0041000;21;14
2021.07.29.;Preiļu novads;0042000;11;8
2021.07.29.;Rēzeknes novads;0043000;10;no 1 līdz 5
2021.07.29.;Rēzeknes pilsēta;0006000;6;no 1 līdz 5
2021.07.29.;Rīga;0001000;569;290
2021.07.29.;Ropažu novads;0044000;34;23
2021.07.29.;Salaspils novads;0045000;16;9
2021.07.29.;Saldus novads;0046000;14;10
2021.07.29.;Saulkrastu novads;0047000;6;no 1 līdz 5
2021.07.29.;Siguldas novads;0048000;27;6
2021.07.29.;Smiltenes novads;0049000;no 1 līdz 5;no 1 līdz 5
2021.07.29.;Talsu novads;0051000;10;no 1 līdz 5
2021.07.29.;Tukuma novads;0052000;39;11
2021.07.29.;Valkas novads;0053000;0;0
2021.07.29.;Valmieras novads;0054000;20;8
2021.07.29.;Varakļānu novads;0055000;no 1 līdz 5;no 1 līdz 5
2021.07.29.;Ventspils novads;0056000;no 1 līdz 5;no 1 līdz 5
2021.07.29.;Ventspils pilsēta;0007000;37;21
2021.07.30.;Adrese nav norādīta;Nav;…;…
2021.07.30.;Aizkraukles novads;0020000;no 1 līdz 5;no 1 līdz 5
2021.07.30.;Alūksnes novads;0021000;no 1 līdz 5;no 1 līdz 5
2021.07.30.;Augšdaugavas novads;0022000;21;no 1 līdz 5
2021.07.30.;Ādažu novads;0023000;12;9
2021.07.30.;Balvu novads;0024000;no 1 līdz 5;no 1 līdz 5
2021.07.30.;Bauskas novads;0025000;14;6
2021.07.30.;Cēsu novads;0026000;17;6
2021.07.30.;Daugavpils pilsēta;0002000;34;14
2021.07.30.;Dienvidkurzemes novads;0027000;21;18
2021.07.30.;Dobeles novads;0028000;8;6
2021.07.30.;Gulbenes novads;0029000;7;no 1 līdz 5
2021.07.30.;Jelgavas novads;0030000;19;11
2021.07.30.;Jelgavas pilsēta;0003000;30;8
2021.07.30.;Jēkabpils novads;0031000;19;9
2021.07.30.;Jūrmalas pilsēta;0004000;41;25
2021.07.30.;Krāslavas novads;0032000;29;13
2021.07.30.;Kuldīgas novads;0033000;17;7
2021.07.30.;Ķekavas novads;0034000;36;22
2021.07.30.;Liepājas pilsēta;0005000;40;28
2021.07.30.;Limbažu novads;0035000;17;10
2021.07.30.;Līvānu novads;0036000;no 1 līdz 5;no 1 līdz 5
2021.07.30.;Ludzas novads;0037000;no 1 līdz 5;0
2021.07.30.;Madonas novads;0038000;21;16
2021.07.30.;Mārupes novads;0039000;27;18
2021.07.30.;Ogres novads;0040000;36;17
2021.07.30.;Olaines novads;0041000;22;15
2021.07.30.;Preiļu novads;0042000;11;8
2021.07.30.;Rēzeknes novads;0043000;10;no 1 līdz 5
2021.07.30.;Rēzeknes pilsēta;0006000;6;no 1 līdz 5
2021.07.30.;Rīga;0001000;611;313
2021.07.30.;Ropažu novads;0044000;35;23
2021.07.30.;Salaspils novads;0045000;20;13
2021.07.30.;Saldus novads;0046000;18;14
2021.07.30.;Saulkrastu novads;0047000;6;no 1 līdz 5
2021.07.30.;Siguldas novads;0048000;27;6
2021.07.30.;Smiltenes novads;0049000;no 1 līdz 5;no 1 līdz 5
2021.07.30.;Talsu novads;0051000;10;no 1 līdz 5
2021.07.30.;Tukuma novads;0052000;39;10
2021.07.30.;Valkas novads;0053000;0;0
2021.07.30.;Valmieras novads;0054000;20;8
2021.07.30.;Varakļānu novads;0055000;no 1 līdz 5;no 1 līdz 5
2021.07.30.;Ventspils novads;0056000;no 1 līdz 5;no 1 līdz 5
2021.07.30.;Ventspils pilsēta;0007000;40;22
2021.07.31.;Adrese nav norādīta;Nav;…;…
2021.07.31.;Aizkraukles novads;0020000;no 1 līdz 5;no 1 līdz 5
2021.07.31.;Alūksnes novads;0021000;no 1 līdz 5;no 1 līdz 5
2021.07.31.;Augšdaugavas novads;0022000;21;no 1 līdz 5
2021.07.31.;Ādažu novads;0023000;13;10
2021.07.31.;Balvu novads;0024000;no 1 līdz 5;no 1 līdz 5
2021.07.31.;Bauskas novads;0025000;15;7
2021.07.31.;Cēsu novads;0026000;17;no 1 līdz 5
2021.07.31.;Daugavpils pilsēta;0002000;37;17
2021.07.31.;Dienvidkurzemes novads;0027000;22;19
2021.07.31.;Dobeles novads;0028000;8;6
2021.07.31.;Gulbenes novads;0029000;8;6
2021.07.31.;Jelgavas novads;0030000;19;11
2021.07.31.;Jelgavas pilsēta;0003000;30;8
2021.07.31.;Jēkabpils novads;0031000;18;8
2021.07.31.;Jūrmalas pilsēta;0004000;43;25
2021.07.31.;Krāslavas novads;0032000;29;11
2021.07.31.;Kuldīgas novads;0033000;18;7
2021.07.31.;Ķekavas novads;0034000;37;23
2021.07.31.;Liepājas pilsēta;0005000;40;27
2021.07.31.;Limbažu novads;0035000;18;10
2021.07.31.;Līvānu novads;0036000;no 1 līdz 5;no 1 līdz 5
2021.07.31.;Ludzas novads;0037000;no 1 līdz 5;0
2021.07.31.;Madonas novads;0038000;22;16
2021.07.31.;Mārupes novads;0039000;29;18
2021.07.31.;Ogres novads;0040000;40;21
2021.07.31.;Olaines novads;0041000;24;14
2021.07.31.;Preiļu novads;0042000;11;8
2021.07.31.;Rēzeknes novads;0043000;10;no 1 līdz 5
2021.07.31.;Rēzeknes pilsēta;0006000;7;no 1 līdz 5
2021.07.31.;Rīga;0001000;645;333
2021.07.31.;Ropažu novads;0044000;36;23
2021.07.31.;Salaspils novads;0045000;22;15
2021.07.31.;Saldus novads;0046000;19;15
2021.07.31.;Saulkrastu novads;0047000;7;no 1 līdz 5
2021.07.31.;Siguldas novads;0048000;28;6
2021.07.31.;Smiltenes novads;0049000;no 1 līdz 5;no 1 līdz 5
2021.07.31.;Talsu novads;0051000;10;no 1 līdz 5
2021.07.31.;Tukuma novads;0052000;41;9
2021.07.31.;Valkas novads;0053000;0;0
2021.07.31.;Valmieras novads;0054000;20;no 1 līdz 5
2021.07.31.;Varakļānu novads;0055000;no 1 līdz 5;no 1 līdz 5
2021.07.31.;Ventspils novads;0056000;no 1 līdz 5;no 1 līdz 5
2021.07.31.;Ventspils pilsēta;0007000;43;23
2021.08.01.;Adrese nav norādīta;Nav;…;…
2021.08.01.;Aizkraukles novads;0020000;no 1 līdz 5;no 1 līdz 5
2021.08.01.;Alūksnes novads;0021000;no 1 līdz 5;0
2021.08.01.;Augšdaugavas novads;0022000;22;no 1 līdz 5
2021.08.01.;Ādažu novads;0023000;13;10
2021.08.01.;Balvu novads;0024000;no 1 līdz 5;no 1 līdz 5
2021.08.01.;Bauskas novads;0025000;15;7
2021.08.01.;Cēsu novads;0026000;17;no 1 līdz 5
2021.08.01.;Daugavpils pilsēta;0002000;37;17
2021.08.01.;Dienvidkurzemes novads;0027000;22;18
2021.08.01.;Dobeles novads;0028000;9;7
2021.08.01.;Gulbenes novads;0029000;8;6
2021.08.01.;Jelgavas novads;0030000;19;11
2021.08.01.;Jelgavas pilsēta;0003000;31;8
2021.08.01.;Jēkabpils novads;0031000;18;7
2021.08.01.;Jūrmalas pilsēta;0004000;44;24
2021.08.01.;Krāslavas novads;0032000;29;11
2021.08.01.;Kuldīgas novads;0033000;18;7
2021.08.01.;Ķekavas novads;0034000;38;22
2021.08.01.;Liepājas pilsēta;0005000;41;27
2021.08.01.;Limbažu novads;0035000;18;10
2021.08.01.;Līvānu novads;0036000;no 1 līdz 5;no 1 līdz 5
2021.08.01.;Ludzas novads;0037000;no 1 līdz 5;0
2021.08.01.;Madonas novads;0038000;23;17
2021.08.01.;Mārupes novads;0039000;29;17
2021.08.01.;Ogres novads;0040000;41;22
2021.08.01.;Olaines novads;0041000;24;11
2021.08.01.;Preiļu novads;0042000;11;8
2021.08.01.;Rēzeknes novads;0043000;10;no 1 līdz 5
2021.08.01.;Rēzeknes pilsēta;0006000;7;no 1 līdz 5
2021.08.01.;Rīga;0001000;667;342
2021.08.01.;Ropažu novads;0044000;37;23
2021.08.01.;Salaspils novads;0045000;23;16
2021.08.01.;Saldus novads;0046000;21;17
2021.08.01.;Saulkrastu novads;0047000;7;no 1 līdz 5
2021.08.01.;Siguldas novads;0048000;28;6
2021.08.01.;Smiltenes novads;0049000;no 1 līdz 5;no 1 līdz 5
2021.08.01.;Talsu novads;0051000;10;no 1 līdz 5
2021.08.01.;Tukuma novads;0052000;42;10
2021.08.01.;Valkas novads;0053000;0;0
2021.08.01.;Valmieras novads;0054000;20;no 1 līdz 5
2021.08.01.;Varakļānu novads;0055000;no 1 līdz 5;no 1 līdz 5
2021.08.01.;Ventspils novads;0056000;no 1 līdz 5;no 1 līdz 5
2021.08.01.;Ventspils pilsēta;0007000;43;23
2021.08.02.;Adrese nav norādīta;Nav;…;…
2021.08.02.;Aizkraukles novads;0020000;9;7
2021.08.02.;Alūksnes novads;0021000;no 1 līdz 5;0
2021.08.02.;Augšdaugavas novads;0022000;22;no 1 līdz 5
2021.08.02.;Ādažu novads;0023000;13;10
2021.08.02.;Balvu novads;0024000;no 1 līdz 5;no 1 līdz 5
2021.08.02.;Bauskas novads;0025000;15;6
2021.08.02.;Cēsu novads;0026000;17;no 1 līdz 5
2021.08.02.;Daugavpils pilsēta;0002000;38;18
2021.08.02.;Dienvidkurzemes novads;0027000;22;16
2021.08.02.;Dobeles novads;0028000;10;7
2021.08.02.;Gulbenes novads;0029000;9;7
2021.08.02.;Jelgavas novads;0030000;19;11
2021.08.02.;Jelgavas pilsēta;0003000;33;9
2021.08.02.;Jēkabpils novads;0031000;18;7
2021.08.02.;Jūrmalas pilsēta;0004000;45;22
2021.08.02.;Krāslavas novads;0032000;29;11
2021.08.02.;Kuldīgas novads;0033000;18;7
2021.08.02.;Ķekavas novads;0034000;38;22
2021.08.02.;Liepājas pilsēta;0005000;41;26
2021.08.02.;Limbažu novads;0035000;18;9
2021.08.02.;Līvānu novads;0036000;no 1 līdz 5;no 1 līdz 5
2021.08.02.;Ludzas novads;0037000;no 1 līdz 5;0
2021.08.02.;Madonas novads;0038000;23;17
2021.08.02.;Mārupes novads;0039000;32;20
2021.08.02.;Ogres novads;0040000;41;22
2021.08.02.;Olaines novads;0041000;26;13
2021.08.02.;Preiļu novads;0042000;11;8
2021.08.02.;Rēzeknes novads;0043000;10;no 1 līdz 5
2021.08.02.;Rēzeknes pilsēta;0006000;7;no 1 līdz 5
2021.08.02.;Rīga;0001000;677;339
2021.08.02.;Ropažu novads;0044000;38;23
2021.08.02.;Salaspils novads;0045000;23;16
2021.08.02.;Saldus novads;0046000;21;17
2021.08.02.;Saulkrastu novads;0047000;7;no 1 līdz 5
2021.08.02.;Siguldas novads;0048000;28;6
2021.08.02.;Smiltenes novads;0049000;no 1 līdz 5;no 1 līdz 5
2021.08.02.;Talsu novads;0051000;10;no 1 līdz 5
2021.08.02.;Tukuma novads;0052000;42;10
2021.08.02.;Valkas novads;0053000;;0
2021.08.02.;Valmieras novads;0054000;20;no 1 līdz 5
2021.08.02.;Varakļānu novads;0055000;no 1 līdz 5;no 1 līdz 5
2021.08.02.;Ventspils novads;0056000;no 1 līdz 5;no 1 līdz 5
2021.08.02.;Ventspils pilsēta;0007000;43;23
2021.08.03.;Adrese nav norādīta;Nav;…;…
2021.08.03.;Aizkraukles novads;0020000;10;8
2021.08.03.;Alūksnes novads;0021000;no 1 līdz 5;0
2021.08.03.;Augšdaugavas novads;0022000;23;no 1 līdz 5
2021.08.03.;Ādažu novads;0023000;13;10
2021.08.03.;Balvu novads;0024000;no 1 līdz 5;no 1 līdz 5
2021.08.03.;Bauskas novads;0025000;15;6
2021.08.03.;Cēsu novads;0026000;17;no 1 līdz 5
2021.08.03.;Daugavpils pilsēta;0002000;40;15
2021.08.03.;Dienvidkurzemes novads;0027000;22;15
2021.08.03.;Dobeles novads;0028000;10;6
2021.08.03.;Gulbenes novads;0029000;14;12
2021.08.03.;Jelgavas novads;0030000;19;9
2021.08.03.;Jelgavas pilsēta;0003000;36;11
2021.08.03.;Jēkabpils novads;0031000;20;9
2021.08.03.;Jūrmalas pilsēta;0004000;46;20
2021.08.03.;Krāslavas novads;0032000;34;16
2021.08.03.;Kuldīgas novads;0033000;20;9
2021.08.03.;Ķekavas novads;0034000;40;22
2021.08.03.;Liepājas pilsēta;0005000;42;27
2021.08.03.;Limbažu novads;0035000;20;10
2021.08.03.;Līvānu novads;0036000;no 1 līdz 5;no 1 līdz 5
2021.08.03.;Ludzas novads;0037000;no 1 līdz 5;0
2021.08.03.;Madonas novads;0038000;23;17
2021.08.03.;Mārupes novads;0039000;38;25
2021.08.03.;Ogres novads;0040000;48;25
2021.08.03.;Olaines novads;0041000;27;11
2021.08.03.;Preiļu novads;0042000;11;8
2021.08.03.;Rēzeknes novads;0043000;10;no 1 līdz 5
2021.08.03.;Rēzeknes pilsēta;0006000;7;no 1 līdz 5
2021.08.03.;Rīga;0001000;727;368
2021.08.03.;Ropažu novads;0044000;38;21
2021.08.03.;Salaspils novads;0045000;25;16
2021.08.03.;Saldus novads;0046000;22;18
2021.08.03.;Saulkrastu novads;0047000;7;no 1 līdz 5
2021.08.03.;Siguldas novads;0048000;30;7
2021.08.03.;Smiltenes novads;0049000;no 1 līdz 5;no 1 līdz 5
2021.08.03.;Talsu novads;0051000;11;no 1 līdz 5
2021.08.03.;Tukuma novads;0052000;45;13
2021.08.03.;Valkas novads;0053000;0;0
2021.08.03.;Valmieras novads;0054000;20;no 1 līdz 5
2021.08.03.;Varakļānu novads;0055000;no 1 līdz 5;no 1 līdz 5
2021.08.03.;Ventspils novads;0056000;no 1 līdz 5;no 1 līdz 5
2021.08.03.;Ventspils pilsēta;0007000;46;24
2021.08.04.;Adrese nav norādīta;Nav;…;…
2021.08.04.;Aizkraukles novads;0020000;15;12
2021.08.04.;Alūksnes novads;0021000;no 1 līdz 5;0
2021.08.04.;Augšdaugavas novads;0022000;25;6
2021.08.04.;Ādažu novads;0023000;14;11
2021.08.04.;Balvu novads;0024000;no 1 līdz 5;no 1 līdz 5
2021.08.04.;Bauskas novads;0025000;15;6
2021.08.04.;Cēsu novads;0026000;17;no 1 līdz 5
2021.08.04.;Daugavpils pilsēta;0002000;40;14
2021.08.04.;Dienvidkurzemes novads;0027000;23;14
2021.08.04.;Dobeles novads;0028000;10;no 1 līdz 5
2021.08.04.;Gulbenes novads;0029000;16;14
2021.08.04.;Jelgavas novads;0030000;22;12
2021.08.04.;Jelgavas pilsēta;0003000;44;19
2021.08.04.;Jēkabpils novads;0031000;20;9
2021.08.04.;Jūrmalas pilsēta;0004000;48;20
2021.08.04.;Krāslavas novads;0032000;38;15
2021.08.04.;Kuldīgas novads;0033000;23;12
2021.08.04.;Ķekavas novads;0034000;43;22
2021.08.04.;Liepājas pilsēta;0005000;42;23
2021.08.04.;Limbažu novads;0035000;20;6
2021.08.04.;Līvānu novads;0036000;8;6
2021.08.04.;Ludzas novads;0037000;no 1 līdz 5;0
2021.08.04.;Madonas novads;0038000;28;21
2021.08.04.;Mārupes novads;0039000;37;21
2021.08.04.;Ogres novads;0040000;50;26
2021.08.04.;Olaines novads;0041000;27;11
2021.08.04.;Preiļu novads;0042000;12;7
2021.08.04.;Rēzeknes novads;0043000;10;0
2021.08.04.;Rēzeknes pilsēta;0006000;9;no 1 līdz 5
2021.08.04.;Rīga;0001000;772;390
2021.08.04.;Ropažu novads;0044000;39;20
2021.08.04.;Salaspils novads;0045000;27;17
2021.08.04.;Saldus novads;0046000;23;18
2021.08.04.;Saulkrastu novads;0047000;7;no 1 līdz 5
2021.08.04.;Siguldas novads;0048000;30;6
2021.08.04.;Smiltenes novads;0049000;no 1 līdz 5;no 1 līdz 5
2021.08.04.;Talsu novads;0051000;11;no 1 līdz 5
2021.08.04.;Tukuma novads;0052000;47;15
2021.08.04.;Valkas novads;0053000;0;0
2021.08.04.;Valmieras novads;0054000;20;no 1 līdz 5
2021.08.04.;Varakļānu novads;0055000;no 1 līdz 5;no 1 līdz 5
2021.08.04.;Ventspils novads;0056000;no 1 līdz 5;no 1 līdz 5
2021.08.04.;Ventspils pilsēta;0007000;47;24
2021.08.05.;Adrese nav norādīta;Nav;…;…
2021.08.05.;Aizkraukles novads;0020000;17;14
2021.08.05.;Alūksnes novads;0021000;no 1 līdz 5;0
2021.08.05.;Augšdaugavas novads;0022000;25;6
2021.08.05.;Ādažu novads;0023000;14;10
2021.08.05.;Balvu novads;0024000;no 1 līdz 5;no 1 līdz 5
2021.08.05.;Bauskas novads;0025000;15;no 1 līdz 5
2021.08.05.;Cēsu novads;0026000;17;no 1 līdz 5
2021.08.05.;Daugavpils pilsēta;0002000;42;14
2021.08.05.;Dienvidkurzemes novads;0027000;23;12
2021.08.05.;Dobeles novads;0028000;11;no 1 līdz 5
2021.08.05.;Gulbenes novads;0029000;18;15
2021.08.05.;Jelgavas novads;0030000;22;11
2021.08.05.;Jelgavas pilsēta;0003000;47;22
2021.08.05.;Jēkabpils novads;0031000;20;6
2021.08.05.;Jūrmalas pilsēta;0004000;50;21
2021.08.05.;Krāslavas novads;0032000;40;17
2021.08.05.;Kuldīgas novads;0033000;26;15
2021.08.05.;Ķekavas novads;0034000;43;21
2021.08.05.;Liepājas pilsēta;0005000;43;21
2021.08.05.;Limbažu novads;0035000;22;8
2021.08.05.;Līvānu novads;0036000;14;12
2021.08.05.;Ludzas novads;0037000;no 1 līdz 5;0
2021.08.05.;Madonas novads;0038000;29;22
2021.08.05.;Mārupes novads;0039000;38;22
2021.08.05.;Ogres novads;0040000;52;25
2021.08.05.;Olaines novads;0041000;27;11
2021.08.05.;Preiļu novads;0042000;12;6
2021.08.05.;Rēzeknes novads;0043000;12;no 1 līdz 5
2021.08.05.;Rēzeknes pilsēta;0006000;9;no 1 līdz 5
2021.08.05.;Rīga;0001000;801;401
2021.08.05.;Ropažu novads;0044000;40;21
2021.08.05.;Salaspils novads;0045000;29;19
2021.08.05.;Saldus novads;0046000;23;18
2021.08.05.;Saulkrastu novads;0047000;7;no 1 līdz 5
2021.08.05.;Siguldas novads;0048000;30;6
2021.08.05.;Smiltenes novads;0049000;no 1 līdz 5;no 1 līdz 5
2021.08.05.;Talsu novads;0051000;11;no 1 līdz 5
2021.08.05.;Tukuma novads;0052000;47;14
2021.08.05.;Valkas novads;0053000;0;0
2021.08.05.;Valmieras novads;0054000;24;6
2021.08.05.;Varakļānu novads;0055000;no 1 līdz 5;no 1 līdz 5
2021.08.05.;Ventspils novads;0056000;7;no 1 līdz 5
2021.08.05.;Ventspils pilsēta;0007000;49;24
2021.08.06.;Adrese nav norādīta;Nav;…;…
2021.08.06.;Aizkraukles novads;0020000;17;14
2021.08.06.;Alūksnes novads;0021000;no 1 līdz 5;0
2021.08.06.;Augšdaugavas novads;0022000;25;8
2021.08.06.;Ādažu novads;0023000;15;10
2021.08.06.;Balvu novads;0024000;no 1 līdz 5;no 1 līdz 5
2021.08.06.;Bauskas novads;0025000;15;no 1 līdz 5
2021.08.06.;Cēsu novads;0026000;17;no 1 līdz 5
2021.08.06.;Daugavpils pilsēta;0002000;42;13
2021.08.06.;Dienvidkurzemes novads;0027000;23;10
2021.08.06.;Dobeles novads;0028000;11;no 1 līdz 5
2021.08.06.;Gulbenes novads;0029000;19;16
2021.08.06.;Jelgavas novads;0030000;24;11
2021.08.06.;Jelgavas pilsēta;0003000;51;25
2021.08.06.;Jēkabpils novads;0031000;20;6
2021.08.06.;Jūrmalas pilsēta;0004000;52;19
2021.08.06.;Krāslavas novads;0032000;41;18
2021.08.06.;Kuldīgas novads;0033000;27;16
2021.08.06.;Ķekavas novads;0034000;43;21
2021.08.06.;Liepājas pilsēta;0005000;44;21
2021.08.06.;Limbažu novads;0035000;23;8
2021.08.06.;Līvānu novads;0036000;15;13
2021.08.06.;Ludzas novads;0037000;no 1 līdz 5;no 1 līdz 5
2021.08.06.;Madonas novads;0038000;33;25
2021.08.06.;Mārupes novads;0039000;41;25
2021.08.06.;Ogres novads;0040000;59;31
2021.08.06.;Olaines novads;0041000;28;12
2021.08.06.;Preiļu novads;0042000;12;no 1 līdz 5
2021.08.06.;Rēzeknes novads;0043000;15;no 1 līdz 5
2021.08.06.;Rēzeknes pilsēta;0006000;14;10
2021.08.06.;Rīga;0001000;825;414
2021.08.06.;Ropažu novads;0044000;42;21
2021.08.06.;Salaspils novads;0045000;29;18
2021.08.06.;Saldus novads;0046000;23;18
2021.08.06.;Saulkrastu novads;0047000;8;no 1 līdz 5
2021.08.06.;Siguldas novads;0048000;31;7
2021.08.06.;Smiltenes novads;0049000;no 1 līdz 5;no 1 līdz 5
2021.08.06.;Talsu novads;0051000;12;no 1 līdz 5
2021.08.06.;Tukuma novads;0052000;51;17
2021.08.06.;Valkas novads;0053000;0;0
2021.08.06.;Valmieras novads;0054000;26;8
2021.08.06.;Varakļānu novads;0055000;no 1 līdz 5;no 1 līdz 5
2021.08.06.;Ventspils novads;0056000;9;6
2021.08.06.;Ventspils pilsēta;0007000;49;24
